{
  "type": "FeatureCollection",
  "generated_at": "2026-09-09T05:01:58.749658+00:00",
  "pilot_bbox": [
    54.05,
    17.08,
    54.22,
    17.22
  ],
  "status": "pilot_unverified",
  "layer": "mountain_mpi_phase2",
  "provisional": true,
  "dem_source": "Copernicus DEM GLO-30 via Microsoft Planetary Computer",
  "t0_date": "2026-06-01",
  "t0_method": "fallback_first_clear_onset in 2026-06-01/2026-06-21 (post-khareef window 2026-09-15/2026-10-31 had 0 STAC candidates or none usable); product=S2B_MSIL2A_20260601T064619_R020_T39QZV_20260601T103750; cloud=0.000415; tile=39QZV (dynamic T0 — documented search, not live Khareef onset detector)",
  "n_features": 120,
  "class_counts": {
    "High": 1,
    "Medium": 0,
    "Low": 119,
    "Insufficient": 0
  },
  "aoi_mpi_class": "Low",
  "disclaimer_en": "NDMI and MPI are satellite moisture proxies, not soil moisture %. Classes provisional / pilot_unverified until field validation. Gaps are null — never interpolated.",
  "ui_wire": false,
  "features": [
    {
      "type": "Feature",
      "geometry": {
        "type": "Polygon",
        "coordinates": [
          [
            [
              54.12131364936864,
              17.08873822214237
            ],
            [
              54.12131364936864,
              17.090984000079846
            ],
            [
              54.11896412840914,
              17.090984000079846
            ],
            [
              54.11896412840914,
              17.08873822214237
            ],
            [
              54.12131364936864,
              17.08873822214237
            ]
          ]
        ]
      },
      "properties": {
        "elevation_m": 35.7,
        "slope_deg": 0.8,
        "aspect_deg": 167.2,
        "twi": 5.9,
        "twi_note": "Topographic Wetness Proxy (coarse) — not full hydrology",
        "t0_date": "2026-06-01",
        "mpi_curve": [
          {
            "lag_weeks": 0,
            "ndmi": -0.1607,
            "status": "ok",
            "scene_date": "2026-06-01",
            "product_id": "S2B_MSIL2A_20260601T064619_R020_T39QZV_20260601T103750",
            "cloud_cover": 0.000415,
            "clear_frac": 0.9998
          },
          {
            "lag_weeks": 1,
            "ndmi": -0.1626,
            "status": "ok",
            "scene_date": "2026-06-06",
            "product_id": "S2C_MSIL2A_20260606T064621_R020_T39QZV_20260606T115910",
            "cloud_cover": 0.00216,
            "clear_frac": 1.0
          },
          {
            "lag_weeks": 2,
            "ndmi": -0.1668,
            "status": "ok",
            "scene_date": "2026-06-16",
            "product_id": "S2C_MSIL2A_20260616T064621_R020_T39QZV_20260616T114357",
            "cloud_cover": 0.000385,
            "clear_frac": 1.0
          },
          {
            "lag_weeks": 4,
            "ndmi": null,
            "status": "gap",
            "scene_date": null,
            "product_id": null,
            "cloud_cover": null,
            "clear_frac": null
          },
          {
            "lag_weeks": 6,
            "ndmi": null,
            "status": "gap",
            "scene_date": null,
            "product_id": null,
            "cloud_cover": null,
            "clear_frac": null
          }
        ],
        "mpi_n_valid": 3,
        "mpi_class": "Low",
        "mpi_class_display": "Low",
        "mpi_class_reason": "All valid NDMI ≤ dry baseline (no persistence signal; provisional)",
        "status": "pilot_unverified",
        "layer": "mountain_mpi_phase2",
        "provisional": true,
        "degradation_evidence_provisional": null,
        "terrain_evidence_provisional": true,
        "hydrology_evidence_provisional": true,
        "source": "Copernicus DEM GLO-30 via Microsoft Planetary Computer; Copernicus Sentinel-2 L2A (ESA) via Microsoft Planetary Computer",
        "source_citations": [
          {
            "lag_weeks": 0,
            "product_id": "S2B_MSIL2A_20260601T064619_R020_T39QZV_20260601T103750",
            "date": "2026-06-01",
            "tile": "39QZV",
            "cloud_cover": 0.000415,
            "clear_frac": 0.9998,
            "status": "ok"
          },
          {
            "lag_weeks": 1,
            "product_id": "S2C_MSIL2A_20260606T064621_R020_T39QZV_20260606T115910",
            "date": "2026-06-06",
            "tile": "39QZV",
            "cloud_cover": 0.00216,
            "clear_frac": 1.0,
            "status": "ok"
          },
          {
            "lag_weeks": 2,
            "product_id": "S2C_MSIL2A_20260616T064621_R020_T39QZV_20260616T114357",
            "date": "2026-06-16",
            "tile": "39QZV",
            "cloud_cover": 0.000385,
            "clear_frac": 1.0,
            "status": "ok"
          },
          {
            "lag_weeks": 4,
            "product_id": null,
            "date": null,
            "tile": null,
            "cloud_cover": null,
            "clear_frac": null,
            "status": "gap"
          },
          {
            "lag_weeks": 6,
            "product_id": null,
            "date": null,
            "tile": null,
            "cloud_cover": null,
            "clear_frac": null,
            "status": "gap"
          }
        ],
        "note": "Offline MPI evidence only (pilot_unverified / provisional). NDMI/MPI ≠ soil moisture %. No suitability→action auto-assign. Not for partner Map/Analysis/Restoration UI.",
        "sample_method": "stratified_elev_tertile_x_slope_median",
        "sample_stratum": "low_elev_gentle"
      }
    },
    {
      "type": "Feature",
      "geometry": {
        "type": "Polygon",
        "coordinates": [
          [
            [
              54.12798033004459,
              17.090960444364594
            ],
            [
              54.12798033004459,
              17.09320622230207
            ],
            [
              54.125630781066505,
              17.09320622230207
            ],
            [
              54.125630781066505,
              17.090960444364594
            ],
            [
              54.12798033004459,
              17.090960444364594
            ]
          ]
        ]
      },
      "properties": {
        "elevation_m": 41.0,
        "slope_deg": 1.26,
        "aspect_deg": 238.5,
        "twi": 5.494,
        "twi_note": "Topographic Wetness Proxy (coarse) — not full hydrology",
        "t0_date": "2026-06-01",
        "mpi_curve": [
          {
            "lag_weeks": 0,
            "ndmi": -0.1295,
            "status": "ok",
            "scene_date": "2026-06-01",
            "product_id": "S2B_MSIL2A_20260601T064619_R020_T39QZV_20260601T103750",
            "cloud_cover": 0.000415,
            "clear_frac": 0.9998
          },
          {
            "lag_weeks": 1,
            "ndmi": -0.1347,
            "status": "ok",
            "scene_date": "2026-06-06",
            "product_id": "S2C_MSIL2A_20260606T064621_R020_T39QZV_20260606T115910",
            "cloud_cover": 0.00216,
            "clear_frac": 1.0
          },
          {
            "lag_weeks": 2,
            "ndmi": -0.1354,
            "status": "ok",
            "scene_date": "2026-06-16",
            "product_id": "S2C_MSIL2A_20260616T064621_R020_T39QZV_20260616T114357",
            "cloud_cover": 0.000385,
            "clear_frac": 1.0
          },
          {
            "lag_weeks": 4,
            "ndmi": null,
            "status": "gap",
            "scene_date": null,
            "product_id": null,
            "cloud_cover": null,
            "clear_frac": null
          },
          {
            "lag_weeks": 6,
            "ndmi": null,
            "status": "gap",
            "scene_date": null,
            "product_id": null,
            "cloud_cover": null,
            "clear_frac": null
          }
        ],
        "mpi_n_valid": 3,
        "mpi_class": "Low",
        "mpi_class_display": "Low",
        "mpi_class_reason": "All valid NDMI ≤ dry baseline (no persistence signal; provisional)",
        "status": "pilot_unverified",
        "layer": "mountain_mpi_phase2",
        "provisional": true,
        "degradation_evidence_provisional": null,
        "terrain_evidence_provisional": true,
        "hydrology_evidence_provisional": true,
        "source": "Copernicus DEM GLO-30 via Microsoft Planetary Computer; Copernicus Sentinel-2 L2A (ESA) via Microsoft Planetary Computer",
        "source_citations": [
          {
            "lag_weeks": 0,
            "product_id": "S2B_MSIL2A_20260601T064619_R020_T39QZV_20260601T103750",
            "date": "2026-06-01",
            "tile": "39QZV",
            "cloud_cover": 0.000415,
            "clear_frac": 0.9998,
            "status": "ok"
          },
          {
            "lag_weeks": 1,
            "product_id": "S2C_MSIL2A_20260606T064621_R020_T39QZV_20260606T115910",
            "date": "2026-06-06",
            "tile": "39QZV",
            "cloud_cover": 0.00216,
            "clear_frac": 1.0,
            "status": "ok"
          },
          {
            "lag_weeks": 2,
            "product_id": "S2C_MSIL2A_20260616T064621_R020_T39QZV_20260616T114357",
            "date": "2026-06-16",
            "tile": "39QZV",
            "cloud_cover": 0.000385,
            "clear_frac": 1.0,
            "status": "ok"
          },
          {
            "lag_weeks": 4,
            "product_id": null,
            "date": null,
            "tile": null,
            "cloud_cover": null,
            "clear_frac": null,
            "status": "gap"
          },
          {
            "lag_weeks": 6,
            "product_id": null,
            "date": null,
            "tile": null,
            "cloud_cover": null,
            "clear_frac": null,
            "status": "gap"
          }
        ],
        "note": "Offline MPI evidence only (pilot_unverified / provisional). NDMI/MPI ≠ soil moisture %. No suitability→action auto-assign. Not for partner Map/Analysis/Restoration UI.",
        "sample_method": "stratified_elev_tertile_x_slope_median",
        "sample_stratum": "low_elev_gentle"
      }
    },
    {
      "type": "Feature",
      "geometry": {
        "type": "Polygon",
        "coordinates": [
          [
            [
              54.19020273457892,
              17.119849333253484
            ],
            [
              54.19020273457892,
              17.12209511119096
            ],
            [
              54.18785282097663,
              17.12209511119096
            ],
            [
              54.18785282097663,
              17.119849333253484
            ],
            [
              54.19020273457892,
              17.119849333253484
            ]
          ]
        ]
      },
      "properties": {
        "elevation_m": 66.3,
        "slope_deg": 2.83,
        "aspect_deg": 216.9,
        "twi": 4.675,
        "twi_note": "Topographic Wetness Proxy (coarse) — not full hydrology",
        "t0_date": "2026-06-01",
        "mpi_curve": [
          {
            "lag_weeks": 0,
            "ndmi": -0.1232,
            "status": "ok",
            "scene_date": "2026-06-01",
            "product_id": "S2B_MSIL2A_20260601T064619_R020_T39QZV_20260601T103750",
            "cloud_cover": 0.000415,
            "clear_frac": 0.9998
          },
          {
            "lag_weeks": 1,
            "ndmi": -0.1252,
            "status": "ok",
            "scene_date": "2026-06-06",
            "product_id": "S2C_MSIL2A_20260606T064621_R020_T39QZV_20260606T115910",
            "cloud_cover": 0.00216,
            "clear_frac": 1.0
          },
          {
            "lag_weeks": 2,
            "ndmi": -0.13,
            "status": "ok",
            "scene_date": "2026-06-16",
            "product_id": "S2C_MSIL2A_20260616T064621_R020_T39QZV_20260616T114357",
            "cloud_cover": 0.000385,
            "clear_frac": 1.0
          },
          {
            "lag_weeks": 4,
            "ndmi": null,
            "status": "gap",
            "scene_date": null,
            "product_id": null,
            "cloud_cover": null,
            "clear_frac": null
          },
          {
            "lag_weeks": 6,
            "ndmi": null,
            "status": "gap",
            "scene_date": null,
            "product_id": null,
            "cloud_cover": null,
            "clear_frac": null
          }
        ],
        "mpi_n_valid": 3,
        "mpi_class": "Low",
        "mpi_class_display": "Low",
        "mpi_class_reason": "All valid NDMI ≤ dry baseline (no persistence signal; provisional)",
        "status": "pilot_unverified",
        "layer": "mountain_mpi_phase2",
        "provisional": true,
        "degradation_evidence_provisional": null,
        "terrain_evidence_provisional": true,
        "hydrology_evidence_provisional": true,
        "source": "Copernicus DEM GLO-30 via Microsoft Planetary Computer; Copernicus Sentinel-2 L2A (ESA) via Microsoft Planetary Computer",
        "source_citations": [
          {
            "lag_weeks": 0,
            "product_id": "S2B_MSIL2A_20260601T064619_R020_T39QZV_20260601T103750",
            "date": "2026-06-01",
            "tile": "39QZV",
            "cloud_cover": 0.000415,
            "clear_frac": 0.9998,
            "status": "ok"
          },
          {
            "lag_weeks": 1,
            "product_id": "S2C_MSIL2A_20260606T064621_R020_T39QZV_20260606T115910",
            "date": "2026-06-06",
            "tile": "39QZV",
            "cloud_cover": 0.00216,
            "clear_frac": 1.0,
            "status": "ok"
          },
          {
            "lag_weeks": 2,
            "product_id": "S2C_MSIL2A_20260616T064621_R020_T39QZV_20260616T114357",
            "date": "2026-06-16",
            "tile": "39QZV",
            "cloud_cover": 0.000385,
            "clear_frac": 1.0,
            "status": "ok"
          },
          {
            "lag_weeks": 4,
            "product_id": null,
            "date": null,
            "tile": null,
            "cloud_cover": null,
            "clear_frac": null,
            "status": "gap"
          },
          {
            "lag_weeks": 6,
            "product_id": null,
            "date": null,
            "tile": null,
            "cloud_cover": null,
            "clear_frac": null,
            "status": "gap"
          }
        ],
        "note": "Offline MPI evidence only (pilot_unverified / provisional). NDMI/MPI ≠ soil moisture %. No suitability→action auto-assign. Not for partner Map/Analysis/Restoration UI.",
        "sample_method": "stratified_elev_tertile_x_slope_median",
        "sample_stratum": "low_elev_gentle"
      }
    },
    {
      "type": "Feature",
      "geometry": {
        "type": "Polygon",
        "coordinates": [
          [
            [
              54.12353581557469,
              17.079849333253485
            ],
            [
              54.12353581557469,
              17.08209511119096
            ],
            [
              54.12118640664753,
              17.08209511119096
            ],
            [
              54.12118640664753,
              17.079849333253485
            ],
            [
              54.12353581557469,
              17.079849333253485
            ]
          ]
        ]
      },
      "properties": {
        "elevation_m": 28.5,
        "slope_deg": 1.05,
        "aspect_deg": 230.1,
        "twi": 5.66,
        "twi_note": "Topographic Wetness Proxy (coarse) — not full hydrology",
        "t0_date": "2026-06-01",
        "mpi_curve": [
          {
            "lag_weeks": 0,
            "ndmi": -0.1283,
            "status": "ok",
            "scene_date": "2026-06-01",
            "product_id": "S2B_MSIL2A_20260601T064619_R020_T39QZV_20260601T103750",
            "cloud_cover": 0.000415,
            "clear_frac": 0.9998
          },
          {
            "lag_weeks": 1,
            "ndmi": -0.1339,
            "status": "ok",
            "scene_date": "2026-06-06",
            "product_id": "S2C_MSIL2A_20260606T064621_R020_T39QZV_20260606T115910",
            "cloud_cover": 0.00216,
            "clear_frac": 1.0
          },
          {
            "lag_weeks": 2,
            "ndmi": -0.1353,
            "status": "ok",
            "scene_date": "2026-06-16",
            "product_id": "S2C_MSIL2A_20260616T064621_R020_T39QZV_20260616T114357",
            "cloud_cover": 0.000385,
            "clear_frac": 1.0
          },
          {
            "lag_weeks": 4,
            "ndmi": null,
            "status": "gap",
            "scene_date": null,
            "product_id": null,
            "cloud_cover": null,
            "clear_frac": null
          },
          {
            "lag_weeks": 6,
            "ndmi": null,
            "status": "gap",
            "scene_date": null,
            "product_id": null,
            "cloud_cover": null,
            "clear_frac": null
          }
        ],
        "mpi_n_valid": 3,
        "mpi_class": "Low",
        "mpi_class_display": "Low",
        "mpi_class_reason": "All valid NDMI ≤ dry baseline (no persistence signal; provisional)",
        "status": "pilot_unverified",
        "layer": "mountain_mpi_phase2",
        "provisional": true,
        "degradation_evidence_provisional": null,
        "terrain_evidence_provisional": true,
        "hydrology_evidence_provisional": true,
        "source": "Copernicus DEM GLO-30 via Microsoft Planetary Computer; Copernicus Sentinel-2 L2A (ESA) via Microsoft Planetary Computer",
        "source_citations": [
          {
            "lag_weeks": 0,
            "product_id": "S2B_MSIL2A_20260601T064619_R020_T39QZV_20260601T103750",
            "date": "2026-06-01",
            "tile": "39QZV",
            "cloud_cover": 0.000415,
            "clear_frac": 0.9998,
            "status": "ok"
          },
          {
            "lag_weeks": 1,
            "product_id": "S2C_MSIL2A_20260606T064621_R020_T39QZV_20260606T115910",
            "date": "2026-06-06",
            "tile": "39QZV",
            "cloud_cover": 0.00216,
            "clear_frac": 1.0,
            "status": "ok"
          },
          {
            "lag_weeks": 2,
            "product_id": "S2C_MSIL2A_20260616T064621_R020_T39QZV_20260616T114357",
            "date": "2026-06-16",
            "tile": "39QZV",
            "cloud_cover": 0.000385,
            "clear_frac": 1.0,
            "status": "ok"
          },
          {
            "lag_weeks": 4,
            "product_id": null,
            "date": null,
            "tile": null,
            "cloud_cover": null,
            "clear_frac": null,
            "status": "gap"
          },
          {
            "lag_weeks": 6,
            "product_id": null,
            "date": null,
            "tile": null,
            "cloud_cover": null,
            "clear_frac": null,
            "status": "gap"
          }
        ],
        "note": "Offline MPI evidence only (pilot_unverified / provisional). NDMI/MPI ≠ soil moisture %. No suitability→action auto-assign. Not for partner Map/Analysis/Restoration UI.",
        "sample_method": "stratified_elev_tertile_x_slope_median",
        "sample_stratum": "low_elev_gentle"
      }
    },
    {
      "type": "Feature",
      "geometry": {
        "type": "Polygon",
        "coordinates": [
          [
            [
              54.19909141313922,
              17.08651599992015
            ],
            [
              54.19909141313922,
              17.088761777857624
            ],
            [
              54.19674192019411,
              17.088761777857624
            ],
            [
              54.19674192019411,
              17.08651599992015
            ],
            [
              54.19909141313922,
              17.08651599992015
            ]
          ]
        ]
      },
      "properties": {
        "elevation_m": 51.1,
        "slope_deg": 0.9,
        "aspect_deg": 218.8,
        "twi": 5.674,
        "twi_note": "Topographic Wetness Proxy (coarse) — not full hydrology",
        "t0_date": "2026-06-01",
        "mpi_curve": [
          {
            "lag_weeks": 0,
            "ndmi": -0.0859,
            "status": "ok",
            "scene_date": "2026-06-01",
            "product_id": "S2B_MSIL2A_20260601T064619_R020_T39QZV_20260601T103750",
            "cloud_cover": 0.000415,
            "clear_frac": 0.9998
          },
          {
            "lag_weeks": 1,
            "ndmi": -0.0915,
            "status": "ok",
            "scene_date": "2026-06-06",
            "product_id": "S2C_MSIL2A_20260606T064621_R020_T39QZV_20260606T115910",
            "cloud_cover": 0.00216,
            "clear_frac": 1.0
          },
          {
            "lag_weeks": 2,
            "ndmi": -0.0928,
            "status": "ok",
            "scene_date": "2026-06-16",
            "product_id": "S2C_MSIL2A_20260616T064621_R020_T39QZV_20260616T114357",
            "cloud_cover": 0.000385,
            "clear_frac": 1.0
          },
          {
            "lag_weeks": 4,
            "ndmi": null,
            "status": "gap",
            "scene_date": null,
            "product_id": null,
            "cloud_cover": null,
            "clear_frac": null
          },
          {
            "lag_weeks": 6,
            "ndmi": null,
            "status": "gap",
            "scene_date": null,
            "product_id": null,
            "cloud_cover": null,
            "clear_frac": null
          }
        ],
        "mpi_n_valid": 3,
        "mpi_class": "Low",
        "mpi_class_display": "Low",
        "mpi_class_reason": "All valid NDMI ≤ dry baseline (no persistence signal; provisional)",
        "status": "pilot_unverified",
        "layer": "mountain_mpi_phase2",
        "provisional": true,
        "degradation_evidence_provisional": null,
        "terrain_evidence_provisional": true,
        "hydrology_evidence_provisional": true,
        "source": "Copernicus DEM GLO-30 via Microsoft Planetary Computer; Copernicus Sentinel-2 L2A (ESA) via Microsoft Planetary Computer",
        "source_citations": [
          {
            "lag_weeks": 0,
            "product_id": "S2B_MSIL2A_20260601T064619_R020_T39QZV_20260601T103750",
            "date": "2026-06-01",
            "tile": "39QZV",
            "cloud_cover": 0.000415,
            "clear_frac": 0.9998,
            "status": "ok"
          },
          {
            "lag_weeks": 1,
            "product_id": "S2C_MSIL2A_20260606T064621_R020_T39QZV_20260606T115910",
            "date": "2026-06-06",
            "tile": "39QZV",
            "cloud_cover": 0.00216,
            "clear_frac": 1.0,
            "status": "ok"
          },
          {
            "lag_weeks": 2,
            "product_id": "S2C_MSIL2A_20260616T064621_R020_T39QZV_20260616T114357",
            "date": "2026-06-16",
            "tile": "39QZV",
            "cloud_cover": 0.000385,
            "clear_frac": 1.0,
            "status": "ok"
          },
          {
            "lag_weeks": 4,
            "product_id": null,
            "date": null,
            "tile": null,
            "cloud_cover": null,
            "clear_frac": null,
            "status": "gap"
          },
          {
            "lag_weeks": 6,
            "product_id": null,
            "date": null,
            "tile": null,
            "cloud_cover": null,
            "clear_frac": null,
            "status": "gap"
          }
        ],
        "note": "Offline MPI evidence only (pilot_unverified / provisional). NDMI/MPI ≠ soil moisture %. No suitability→action auto-assign. Not for partner Map/Analysis/Restoration UI.",
        "sample_method": "stratified_elev_tertile_x_slope_median",
        "sample_stratum": "low_elev_gentle"
      }
    },
    {
      "type": "Feature",
      "geometry": {
        "type": "Polygon",
        "coordinates": [
          [
            [
              54.09909142714641,
              17.08873822214237
            ],
            [
              54.09909142714641,
              17.090984000079846
            ],
            [
              54.096741906186914,
              17.090984000079846
            ],
            [
              54.096741906186914,
              17.08873822214237
            ],
            [
              54.09909142714641,
              17.08873822214237
            ]
          ]
        ]
      },
      "properties": {
        "elevation_m": 55.5,
        "slope_deg": 2.13,
        "aspect_deg": 163.3,
        "twi": 4.937,
        "twi_note": "Topographic Wetness Proxy (coarse) — not full hydrology",
        "t0_date": "2026-06-01",
        "mpi_curve": [
          {
            "lag_weeks": 0,
            "ndmi": -0.1279,
            "status": "ok",
            "scene_date": "2026-06-01",
            "product_id": "S2B_MSIL2A_20260601T064619_R020_T39QZV_20260601T103750",
            "cloud_cover": 0.000415,
            "clear_frac": 0.9998
          },
          {
            "lag_weeks": 1,
            "ndmi": -0.1288,
            "status": "ok",
            "scene_date": "2026-06-06",
            "product_id": "S2C_MSIL2A_20260606T064621_R020_T39QZV_20260606T115910",
            "cloud_cover": 0.00216,
            "clear_frac": 1.0
          },
          {
            "lag_weeks": 2,
            "ndmi": -0.1323,
            "status": "ok",
            "scene_date": "2026-06-16",
            "product_id": "S2C_MSIL2A_20260616T064621_R020_T39QZV_20260616T114357",
            "cloud_cover": 0.000385,
            "clear_frac": 1.0
          },
          {
            "lag_weeks": 4,
            "ndmi": null,
            "status": "gap",
            "scene_date": null,
            "product_id": null,
            "cloud_cover": null,
            "clear_frac": null
          },
          {
            "lag_weeks": 6,
            "ndmi": null,
            "status": "gap",
            "scene_date": null,
            "product_id": null,
            "cloud_cover": null,
            "clear_frac": null
          }
        ],
        "mpi_n_valid": 3,
        "mpi_class": "Low",
        "mpi_class_display": "Low",
        "mpi_class_reason": "All valid NDMI ≤ dry baseline (no persistence signal; provisional)",
        "status": "pilot_unverified",
        "layer": "mountain_mpi_phase2",
        "provisional": true,
        "degradation_evidence_provisional": null,
        "terrain_evidence_provisional": true,
        "hydrology_evidence_provisional": true,
        "source": "Copernicus DEM GLO-30 via Microsoft Planetary Computer; Copernicus Sentinel-2 L2A (ESA) via Microsoft Planetary Computer",
        "source_citations": [
          {
            "lag_weeks": 0,
            "product_id": "S2B_MSIL2A_20260601T064619_R020_T39QZV_20260601T103750",
            "date": "2026-06-01",
            "tile": "39QZV",
            "cloud_cover": 0.000415,
            "clear_frac": 0.9998,
            "status": "ok"
          },
          {
            "lag_weeks": 1,
            "product_id": "S2C_MSIL2A_20260606T064621_R020_T39QZV_20260606T115910",
            "date": "2026-06-06",
            "tile": "39QZV",
            "cloud_cover": 0.00216,
            "clear_frac": 1.0,
            "status": "ok"
          },
          {
            "lag_weeks": 2,
            "product_id": "S2C_MSIL2A_20260616T064621_R020_T39QZV_20260616T114357",
            "date": "2026-06-16",
            "tile": "39QZV",
            "cloud_cover": 0.000385,
            "clear_frac": 1.0,
            "status": "ok"
          },
          {
            "lag_weeks": 4,
            "product_id": null,
            "date": null,
            "tile": null,
            "cloud_cover": null,
            "clear_frac": null,
            "status": "gap"
          },
          {
            "lag_weeks": 6,
            "product_id": null,
            "date": null,
            "tile": null,
            "cloud_cover": null,
            "clear_frac": null,
            "status": "gap"
          }
        ],
        "note": "Offline MPI evidence only (pilot_unverified / provisional). NDMI/MPI ≠ soil moisture %. No suitability→action auto-assign. Not for partner Map/Analysis/Restoration UI.",
        "sample_method": "stratified_elev_tertile_x_slope_median",
        "sample_stratum": "low_elev_gentle"
      }
    },
    {
      "type": "Feature",
      "geometry": {
        "type": "Polygon",
        "coordinates": [
          [
            [
              54.14575831821402,
              17.12429377769793
            ],
            [
              54.14575831821402,
              17.126539555635404
            ],
            [
              54.14340834845264,
              17.126539555635404
            ],
            [
              54.14340834845264,
              17.12429377769793
            ],
            [
              54.14575831821402,
              17.12429377769793
            ]
          ]
        ]
      },
      "properties": {
        "elevation_m": 101.5,
        "slope_deg": 6.96,
        "aspect_deg": 119.2,
        "twi": 3.767,
        "twi_note": "Topographic Wetness Proxy (coarse) — not full hydrology",
        "t0_date": "2026-06-01",
        "mpi_curve": [
          {
            "lag_weeks": 0,
            "ndmi": -0.121,
            "status": "ok",
            "scene_date": "2026-06-01",
            "product_id": "S2B_MSIL2A_20260601T064619_R020_T39QZV_20260601T103750",
            "cloud_cover": 0.000415,
            "clear_frac": 0.9998
          },
          {
            "lag_weeks": 1,
            "ndmi": -0.1243,
            "status": "ok",
            "scene_date": "2026-06-06",
            "product_id": "S2C_MSIL2A_20260606T064621_R020_T39QZV_20260606T115910",
            "cloud_cover": 0.00216,
            "clear_frac": 1.0
          },
          {
            "lag_weeks": 2,
            "ndmi": -0.1289,
            "status": "ok",
            "scene_date": "2026-06-16",
            "product_id": "S2C_MSIL2A_20260616T064621_R020_T39QZV_20260616T114357",
            "cloud_cover": 0.000385,
            "clear_frac": 1.0
          },
          {
            "lag_weeks": 4,
            "ndmi": null,
            "status": "gap",
            "scene_date": null,
            "product_id": null,
            "cloud_cover": null,
            "clear_frac": null
          },
          {
            "lag_weeks": 6,
            "ndmi": null,
            "status": "gap",
            "scene_date": null,
            "product_id": null,
            "cloud_cover": null,
            "clear_frac": null
          }
        ],
        "mpi_n_valid": 3,
        "mpi_class": "Low",
        "mpi_class_display": "Low",
        "mpi_class_reason": "All valid NDMI ≤ dry baseline (no persistence signal; provisional)",
        "status": "pilot_unverified",
        "layer": "mountain_mpi_phase2",
        "provisional": true,
        "degradation_evidence_provisional": null,
        "terrain_evidence_provisional": true,
        "hydrology_evidence_provisional": true,
        "source": "Copernicus DEM GLO-30 via Microsoft Planetary Computer; Copernicus Sentinel-2 L2A (ESA) via Microsoft Planetary Computer",
        "source_citations": [
          {
            "lag_weeks": 0,
            "product_id": "S2B_MSIL2A_20260601T064619_R020_T39QZV_20260601T103750",
            "date": "2026-06-01",
            "tile": "39QZV",
            "cloud_cover": 0.000415,
            "clear_frac": 0.9998,
            "status": "ok"
          },
          {
            "lag_weeks": 1,
            "product_id": "S2C_MSIL2A_20260606T064621_R020_T39QZV_20260606T115910",
            "date": "2026-06-06",
            "tile": "39QZV",
            "cloud_cover": 0.00216,
            "clear_frac": 1.0,
            "status": "ok"
          },
          {
            "lag_weeks": 2,
            "product_id": "S2C_MSIL2A_20260616T064621_R020_T39QZV_20260616T114357",
            "date": "2026-06-16",
            "tile": "39QZV",
            "cloud_cover": 0.000385,
            "clear_frac": 1.0,
            "status": "ok"
          },
          {
            "lag_weeks": 4,
            "product_id": null,
            "date": null,
            "tile": null,
            "cloud_cover": null,
            "clear_frac": null,
            "status": "gap"
          },
          {
            "lag_weeks": 6,
            "product_id": null,
            "date": null,
            "tile": null,
            "cloud_cover": null,
            "clear_frac": null,
            "status": "gap"
          }
        ],
        "note": "Offline MPI evidence only (pilot_unverified / provisional). NDMI/MPI ≠ soil moisture %. No suitability→action auto-assign. Not for partner Map/Analysis/Restoration UI.",
        "sample_method": "stratified_elev_tertile_x_slope_median",
        "sample_stratum": "low_elev_gentle"
      }
    },
    {
      "type": "Feature",
      "geometry": {
        "type": "Polygon",
        "coordinates": [
          [
            [
              54.16131390185755,
              17.128738222142374
            ],
            [
              54.16131390185755,
              17.13098400007985
            ],
            [
              54.15896387592023,
              17.13098400007985
            ],
            [
              54.15896387592023,
              17.128738222142374
            ],
            [
              54.16131390185755,
              17.128738222142374
            ]
          ]
        ]
      },
      "properties": {
        "elevation_m": 86.9,
        "slope_deg": 4.24,
        "aspect_deg": 130.1,
        "twi": 4.264,
        "twi_note": "Topographic Wetness Proxy (coarse) — not full hydrology",
        "t0_date": "2026-06-01",
        "mpi_curve": [
          {
            "lag_weeks": 0,
            "ndmi": -0.1222,
            "status": "ok",
            "scene_date": "2026-06-01",
            "product_id": "S2B_MSIL2A_20260601T064619_R020_T39QZV_20260601T103750",
            "cloud_cover": 0.000415,
            "clear_frac": 0.9998
          },
          {
            "lag_weeks": 1,
            "ndmi": -0.123,
            "status": "ok",
            "scene_date": "2026-06-06",
            "product_id": "S2C_MSIL2A_20260606T064621_R020_T39QZV_20260606T115910",
            "cloud_cover": 0.00216,
            "clear_frac": 1.0
          },
          {
            "lag_weeks": 2,
            "ndmi": -0.1269,
            "status": "ok",
            "scene_date": "2026-06-16",
            "product_id": "S2C_MSIL2A_20260616T064621_R020_T39QZV_20260616T114357",
            "cloud_cover": 0.000385,
            "clear_frac": 1.0
          },
          {
            "lag_weeks": 4,
            "ndmi": null,
            "status": "gap",
            "scene_date": null,
            "product_id": null,
            "cloud_cover": null,
            "clear_frac": null
          },
          {
            "lag_weeks": 6,
            "ndmi": null,
            "status": "gap",
            "scene_date": null,
            "product_id": null,
            "cloud_cover": null,
            "clear_frac": null
          }
        ],
        "mpi_n_valid": 3,
        "mpi_class": "Low",
        "mpi_class_display": "Low",
        "mpi_class_reason": "All valid NDMI ≤ dry baseline (no persistence signal; provisional)",
        "status": "pilot_unverified",
        "layer": "mountain_mpi_phase2",
        "provisional": true,
        "degradation_evidence_provisional": null,
        "terrain_evidence_provisional": true,
        "hydrology_evidence_provisional": true,
        "source": "Copernicus DEM GLO-30 via Microsoft Planetary Computer; Copernicus Sentinel-2 L2A (ESA) via Microsoft Planetary Computer",
        "source_citations": [
          {
            "lag_weeks": 0,
            "product_id": "S2B_MSIL2A_20260601T064619_R020_T39QZV_20260601T103750",
            "date": "2026-06-01",
            "tile": "39QZV",
            "cloud_cover": 0.000415,
            "clear_frac": 0.9998,
            "status": "ok"
          },
          {
            "lag_weeks": 1,
            "product_id": "S2C_MSIL2A_20260606T064621_R020_T39QZV_20260606T115910",
            "date": "2026-06-06",
            "tile": "39QZV",
            "cloud_cover": 0.00216,
            "clear_frac": 1.0,
            "status": "ok"
          },
          {
            "lag_weeks": 2,
            "product_id": "S2C_MSIL2A_20260616T064621_R020_T39QZV_20260616T114357",
            "date": "2026-06-16",
            "tile": "39QZV",
            "cloud_cover": 0.000385,
            "clear_frac": 1.0,
            "status": "ok"
          },
          {
            "lag_weeks": 4,
            "product_id": null,
            "date": null,
            "tile": null,
            "cloud_cover": null,
            "clear_frac": null,
            "status": "gap"
          },
          {
            "lag_weeks": 6,
            "product_id": null,
            "date": null,
            "tile": null,
            "cloud_cover": null,
            "clear_frac": null,
            "status": "gap"
          }
        ],
        "note": "Offline MPI evidence only (pilot_unverified / provisional). NDMI/MPI ≠ soil moisture %. No suitability→action auto-assign. Not for partner Map/Analysis/Restoration UI.",
        "sample_method": "stratified_elev_tertile_x_slope_median",
        "sample_stratum": "low_elev_gentle"
      }
    },
    {
      "type": "Feature",
      "geometry": {
        "type": "Polygon",
        "coordinates": [
          [
            [
              54.06798034405599,
              17.093182666586817
            ],
            [
              54.06798034405599,
              17.09542844452429
            ],
            [
              54.06563076705512,
              17.09542844452429
            ],
            [
              54.06563076705512,
              17.093182666586817
            ],
            [
              54.06798034405599,
              17.093182666586817
            ]
          ]
        ]
      },
      "properties": {
        "elevation_m": 108.0,
        "slope_deg": 5.78,
        "aspect_deg": 190.5,
        "twi": 4.072,
        "twi_note": "Topographic Wetness Proxy (coarse) — not full hydrology",
        "t0_date": "2026-06-01",
        "mpi_curve": [
          {
            "lag_weeks": 0,
            "ndmi": -0.0997,
            "status": "ok",
            "scene_date": "2026-06-01",
            "product_id": "S2B_MSIL2A_20260601T064619_R020_T39QZV_20260601T103750",
            "cloud_cover": 0.000415,
            "clear_frac": 0.9998
          },
          {
            "lag_weeks": 1,
            "ndmi": -0.1072,
            "status": "ok",
            "scene_date": "2026-06-06",
            "product_id": "S2C_MSIL2A_20260606T064621_R020_T39QZV_20260606T115910",
            "cloud_cover": 0.00216,
            "clear_frac": 1.0
          },
          {
            "lag_weeks": 2,
            "ndmi": -0.1095,
            "status": "ok",
            "scene_date": "2026-06-16",
            "product_id": "S2C_MSIL2A_20260616T064621_R020_T39QZV_20260616T114357",
            "cloud_cover": 0.000385,
            "clear_frac": 1.0
          },
          {
            "lag_weeks": 4,
            "ndmi": null,
            "status": "gap",
            "scene_date": null,
            "product_id": null,
            "cloud_cover": null,
            "clear_frac": null
          },
          {
            "lag_weeks": 6,
            "ndmi": null,
            "status": "gap",
            "scene_date": null,
            "product_id": null,
            "cloud_cover": null,
            "clear_frac": null
          }
        ],
        "mpi_n_valid": 3,
        "mpi_class": "Low",
        "mpi_class_display": "Low",
        "mpi_class_reason": "All valid NDMI ≤ dry baseline (no persistence signal; provisional)",
        "status": "pilot_unverified",
        "layer": "mountain_mpi_phase2",
        "provisional": true,
        "degradation_evidence_provisional": null,
        "terrain_evidence_provisional": true,
        "hydrology_evidence_provisional": true,
        "source": "Copernicus DEM GLO-30 via Microsoft Planetary Computer; Copernicus Sentinel-2 L2A (ESA) via Microsoft Planetary Computer",
        "source_citations": [
          {
            "lag_weeks": 0,
            "product_id": "S2B_MSIL2A_20260601T064619_R020_T39QZV_20260601T103750",
            "date": "2026-06-01",
            "tile": "39QZV",
            "cloud_cover": 0.000415,
            "clear_frac": 0.9998,
            "status": "ok"
          },
          {
            "lag_weeks": 1,
            "product_id": "S2C_MSIL2A_20260606T064621_R020_T39QZV_20260606T115910",
            "date": "2026-06-06",
            "tile": "39QZV",
            "cloud_cover": 0.00216,
            "clear_frac": 1.0,
            "status": "ok"
          },
          {
            "lag_weeks": 2,
            "product_id": "S2C_MSIL2A_20260616T064621_R020_T39QZV_20260616T114357",
            "date": "2026-06-16",
            "tile": "39QZV",
            "cloud_cover": 0.000385,
            "clear_frac": 1.0,
            "status": "ok"
          },
          {
            "lag_weeks": 4,
            "product_id": null,
            "date": null,
            "tile": null,
            "cloud_cover": null,
            "clear_frac": null,
            "status": "gap"
          },
          {
            "lag_weeks": 6,
            "product_id": null,
            "date": null,
            "tile": null,
            "cloud_cover": null,
            "clear_frac": null,
            "status": "gap"
          }
        ],
        "note": "Offline MPI evidence only (pilot_unverified / provisional). NDMI/MPI ≠ soil moisture %. No suitability→action auto-assign. Not for partner Map/Analysis/Restoration UI.",
        "sample_method": "stratified_elev_tertile_x_slope_median",
        "sample_stratum": "low_elev_gentle"
      }
    },
    {
      "type": "Feature",
      "geometry": {
        "type": "Polygon",
        "coordinates": [
          [
            [
              54.216869289011484,
              17.102071555475707
            ],
            [
              54.216869289011484,
              17.10431733341318
            ],
            [
              54.214519599877406,
              17.10431733341318
            ],
            [
              54.214519599877406,
              17.102071555475707
            ],
            [
              54.216869289011484,
              17.102071555475707
            ]
          ]
        ]
      },
      "properties": {
        "elevation_m": 65.5,
        "slope_deg": 0.59,
        "aspect_deg": 215.8,
        "twi": 5.922,
        "twi_note": "Topographic Wetness Proxy (coarse) — not full hydrology",
        "t0_date": "2026-06-01",
        "mpi_curve": [
          {
            "lag_weeks": 0,
            "ndmi": -0.0818,
            "status": "ok",
            "scene_date": "2026-06-01",
            "product_id": "S2B_MSIL2A_20260601T064619_R020_T39QZV_20260601T103750",
            "cloud_cover": 0.000415,
            "clear_frac": 0.9998
          },
          {
            "lag_weeks": 1,
            "ndmi": -0.0959,
            "status": "ok",
            "scene_date": "2026-06-06",
            "product_id": "S2C_MSIL2A_20260606T064621_R020_T39QZV_20260606T115910",
            "cloud_cover": 0.00216,
            "clear_frac": 1.0
          },
          {
            "lag_weeks": 2,
            "ndmi": -0.0959,
            "status": "ok",
            "scene_date": "2026-06-16",
            "product_id": "S2C_MSIL2A_20260616T064621_R020_T39QZV_20260616T114357",
            "cloud_cover": 0.000385,
            "clear_frac": 1.0
          },
          {
            "lag_weeks": 4,
            "ndmi": null,
            "status": "gap",
            "scene_date": null,
            "product_id": null,
            "cloud_cover": null,
            "clear_frac": null
          },
          {
            "lag_weeks": 6,
            "ndmi": null,
            "status": "gap",
            "scene_date": null,
            "product_id": null,
            "cloud_cover": null,
            "clear_frac": null
          }
        ],
        "mpi_n_valid": 3,
        "mpi_class": "Low",
        "mpi_class_display": "Low",
        "mpi_class_reason": "All valid NDMI ≤ dry baseline (no persistence signal; provisional)",
        "status": "pilot_unverified",
        "layer": "mountain_mpi_phase2",
        "provisional": true,
        "degradation_evidence_provisional": null,
        "terrain_evidence_provisional": true,
        "hydrology_evidence_provisional": true,
        "source": "Copernicus DEM GLO-30 via Microsoft Planetary Computer; Copernicus Sentinel-2 L2A (ESA) via Microsoft Planetary Computer",
        "source_citations": [
          {
            "lag_weeks": 0,
            "product_id": "S2B_MSIL2A_20260601T064619_R020_T39QZV_20260601T103750",
            "date": "2026-06-01",
            "tile": "39QZV",
            "cloud_cover": 0.000415,
            "clear_frac": 0.9998,
            "status": "ok"
          },
          {
            "lag_weeks": 1,
            "product_id": "S2C_MSIL2A_20260606T064621_R020_T39QZV_20260606T115910",
            "date": "2026-06-06",
            "tile": "39QZV",
            "cloud_cover": 0.00216,
            "clear_frac": 1.0,
            "status": "ok"
          },
          {
            "lag_weeks": 2,
            "product_id": "S2C_MSIL2A_20260616T064621_R020_T39QZV_20260616T114357",
            "date": "2026-06-16",
            "tile": "39QZV",
            "cloud_cover": 0.000385,
            "clear_frac": 1.0,
            "status": "ok"
          },
          {
            "lag_weeks": 4,
            "product_id": null,
            "date": null,
            "tile": null,
            "cloud_cover": null,
            "clear_frac": null,
            "status": "gap"
          },
          {
            "lag_weeks": 6,
            "product_id": null,
            "date": null,
            "tile": null,
            "cloud_cover": null,
            "clear_frac": null,
            "status": "gap"
          }
        ],
        "note": "Offline MPI evidence only (pilot_unverified / provisional). NDMI/MPI ≠ soil moisture %. No suitability→action auto-assign. Not for partner Map/Analysis/Restoration UI.",
        "sample_method": "stratified_elev_tertile_x_slope_median",
        "sample_stratum": "low_elev_gentle"
      }
    },
    {
      "type": "Feature",
      "geometry": {
        "type": "Polygon",
        "coordinates": [
          [
            [
              54.21242487261295,
              17.106515999920152
            ],
            [
              54.21242487261295,
              17.108761777857627
            ],
            [
              54.21007512738705,
              17.108761777857627
            ],
            [
              54.21007512738705,
              17.106515999920152
            ],
            [
              54.21242487261295,
              17.106515999920152
            ]
          ]
        ]
      },
      "properties": {
        "elevation_m": 63.3,
        "slope_deg": 0.92,
        "aspect_deg": 294.8,
        "twi": 5.747,
        "twi_note": "Topographic Wetness Proxy (coarse) — not full hydrology",
        "t0_date": "2026-06-01",
        "mpi_curve": [
          {
            "lag_weeks": 0,
            "ndmi": -0.1135,
            "status": "ok",
            "scene_date": "2026-06-01",
            "product_id": "S2B_MSIL2A_20260601T064619_R020_T39QZV_20260601T103750",
            "cloud_cover": 0.000415,
            "clear_frac": 0.9998
          },
          {
            "lag_weeks": 1,
            "ndmi": -0.1198,
            "status": "ok",
            "scene_date": "2026-06-06",
            "product_id": "S2C_MSIL2A_20260606T064621_R020_T39QZV_20260606T115910",
            "cloud_cover": 0.00216,
            "clear_frac": 1.0
          },
          {
            "lag_weeks": 2,
            "ndmi": -0.119,
            "status": "ok",
            "scene_date": "2026-06-16",
            "product_id": "S2C_MSIL2A_20260616T064621_R020_T39QZV_20260616T114357",
            "cloud_cover": 0.000385,
            "clear_frac": 1.0
          },
          {
            "lag_weeks": 4,
            "ndmi": null,
            "status": "gap",
            "scene_date": null,
            "product_id": null,
            "cloud_cover": null,
            "clear_frac": null
          },
          {
            "lag_weeks": 6,
            "ndmi": null,
            "status": "gap",
            "scene_date": null,
            "product_id": null,
            "cloud_cover": null,
            "clear_frac": null
          }
        ],
        "mpi_n_valid": 3,
        "mpi_class": "Low",
        "mpi_class_display": "Low",
        "mpi_class_reason": "All valid NDMI ≤ dry baseline (no persistence signal; provisional)",
        "status": "pilot_unverified",
        "layer": "mountain_mpi_phase2",
        "provisional": true,
        "degradation_evidence_provisional": null,
        "terrain_evidence_provisional": true,
        "hydrology_evidence_provisional": true,
        "source": "Copernicus DEM GLO-30 via Microsoft Planetary Computer; Copernicus Sentinel-2 L2A (ESA) via Microsoft Planetary Computer",
        "source_citations": [
          {
            "lag_weeks": 0,
            "product_id": "S2B_MSIL2A_20260601T064619_R020_T39QZV_20260601T103750",
            "date": "2026-06-01",
            "tile": "39QZV",
            "cloud_cover": 0.000415,
            "clear_frac": 0.9998,
            "status": "ok"
          },
          {
            "lag_weeks": 1,
            "product_id": "S2C_MSIL2A_20260606T064621_R020_T39QZV_20260606T115910",
            "date": "2026-06-06",
            "tile": "39QZV",
            "cloud_cover": 0.00216,
            "clear_frac": 1.0,
            "status": "ok"
          },
          {
            "lag_weeks": 2,
            "product_id": "S2C_MSIL2A_20260616T064621_R020_T39QZV_20260616T114357",
            "date": "2026-06-16",
            "tile": "39QZV",
            "cloud_cover": 0.000385,
            "clear_frac": 1.0,
            "status": "ok"
          },
          {
            "lag_weeks": 4,
            "product_id": null,
            "date": null,
            "tile": null,
            "cloud_cover": null,
            "clear_frac": null,
            "status": "gap"
          },
          {
            "lag_weeks": 6,
            "product_id": null,
            "date": null,
            "tile": null,
            "cloud_cover": null,
            "clear_frac": null,
            "status": "gap"
          }
        ],
        "note": "Offline MPI evidence only (pilot_unverified / provisional). NDMI/MPI ≠ soil moisture %. No suitability→action auto-assign. Not for partner Map/Analysis/Restoration UI.",
        "sample_method": "stratified_elev_tertile_x_slope_median",
        "sample_stratum": "low_elev_gentle"
      }
    },
    {
      "type": "Feature",
      "geometry": {
        "type": "Polygon",
        "coordinates": [
          [
            [
              54.14798056852421,
              17.128738222142374
            ],
            [
              54.14798056852421,
              17.13098400007985
            ],
            [
              54.14563054258689,
              17.13098400007985
            ],
            [
              54.14563054258689,
              17.128738222142374
            ],
            [
              54.14798056852421,
              17.128738222142374
            ]
          ]
        ]
      },
      "properties": {
        "elevation_m": 115.9,
        "slope_deg": 11.59,
        "aspect_deg": 123.9,
        "twi": 3.337,
        "twi_note": "Topographic Wetness Proxy (coarse) — not full hydrology",
        "t0_date": "2026-06-01",
        "mpi_curve": [
          {
            "lag_weeks": 0,
            "ndmi": -0.101,
            "status": "ok",
            "scene_date": "2026-06-01",
            "product_id": "S2B_MSIL2A_20260601T064619_R020_T39QZV_20260601T103750",
            "cloud_cover": 0.000415,
            "clear_frac": 0.9998
          },
          {
            "lag_weeks": 1,
            "ndmi": -0.1061,
            "status": "ok",
            "scene_date": "2026-06-06",
            "product_id": "S2C_MSIL2A_20260606T064621_R020_T39QZV_20260606T115910",
            "cloud_cover": 0.00216,
            "clear_frac": 1.0
          },
          {
            "lag_weeks": 2,
            "ndmi": -0.1084,
            "status": "ok",
            "scene_date": "2026-06-16",
            "product_id": "S2C_MSIL2A_20260616T064621_R020_T39QZV_20260616T114357",
            "cloud_cover": 0.000385,
            "clear_frac": 1.0
          },
          {
            "lag_weeks": 4,
            "ndmi": null,
            "status": "gap",
            "scene_date": null,
            "product_id": null,
            "cloud_cover": null,
            "clear_frac": null
          },
          {
            "lag_weeks": 6,
            "ndmi": null,
            "status": "gap",
            "scene_date": null,
            "product_id": null,
            "cloud_cover": null,
            "clear_frac": null
          }
        ],
        "mpi_n_valid": 3,
        "mpi_class": "Low",
        "mpi_class_display": "Low",
        "mpi_class_reason": "All valid NDMI ≤ dry baseline (no persistence signal; provisional)",
        "status": "pilot_unverified",
        "layer": "mountain_mpi_phase2",
        "provisional": true,
        "degradation_evidence_provisional": null,
        "terrain_evidence_provisional": true,
        "hydrology_evidence_provisional": true,
        "source": "Copernicus DEM GLO-30 via Microsoft Planetary Computer; Copernicus Sentinel-2 L2A (ESA) via Microsoft Planetary Computer",
        "source_citations": [
          {
            "lag_weeks": 0,
            "product_id": "S2B_MSIL2A_20260601T064619_R020_T39QZV_20260601T103750",
            "date": "2026-06-01",
            "tile": "39QZV",
            "cloud_cover": 0.000415,
            "clear_frac": 0.9998,
            "status": "ok"
          },
          {
            "lag_weeks": 1,
            "product_id": "S2C_MSIL2A_20260606T064621_R020_T39QZV_20260606T115910",
            "date": "2026-06-06",
            "tile": "39QZV",
            "cloud_cover": 0.00216,
            "clear_frac": 1.0,
            "status": "ok"
          },
          {
            "lag_weeks": 2,
            "product_id": "S2C_MSIL2A_20260616T064621_R020_T39QZV_20260616T114357",
            "date": "2026-06-16",
            "tile": "39QZV",
            "cloud_cover": 0.000385,
            "clear_frac": 1.0,
            "status": "ok"
          },
          {
            "lag_weeks": 4,
            "product_id": null,
            "date": null,
            "tile": null,
            "cloud_cover": null,
            "clear_frac": null,
            "status": "gap"
          },
          {
            "lag_weeks": 6,
            "product_id": null,
            "date": null,
            "tile": null,
            "cloud_cover": null,
            "clear_frac": null,
            "status": "gap"
          }
        ],
        "note": "Offline MPI evidence only (pilot_unverified / provisional). NDMI/MPI ≠ soil moisture %. No suitability→action auto-assign. Not for partner Map/Analysis/Restoration UI.",
        "sample_method": "stratified_elev_tertile_x_slope_median",
        "sample_stratum": "low_elev_gentle"
      }
    },
    {
      "type": "Feature",
      "geometry": {
        "type": "Polygon",
        "coordinates": [
          [
            [
              54.152424858588944,
              17.10429377769793
            ],
            [
              54.152424858588944,
              17.106539555635404
            ],
            [
              54.15007514141105,
              17.106539555635404
            ],
            [
              54.15007514141105,
              17.10429377769793
            ],
            [
              54.152424858588944,
              17.10429377769793
            ]
          ]
        ]
      },
      "properties": {
        "elevation_m": 52.4,
        "slope_deg": 0.79,
        "aspect_deg": 115.6,
        "twi": 5.773,
        "twi_note": "Topographic Wetness Proxy (coarse) — not full hydrology",
        "t0_date": "2026-06-01",
        "mpi_curve": [
          {
            "lag_weeks": 0,
            "ndmi": -0.1643,
            "status": "ok",
            "scene_date": "2026-06-01",
            "product_id": "S2B_MSIL2A_20260601T064619_R020_T39QZV_20260601T103750",
            "cloud_cover": 0.000415,
            "clear_frac": 0.9998
          },
          {
            "lag_weeks": 1,
            "ndmi": -0.1566,
            "status": "ok",
            "scene_date": "2026-06-06",
            "product_id": "S2C_MSIL2A_20260606T064621_R020_T39QZV_20260606T115910",
            "cloud_cover": 0.00216,
            "clear_frac": 1.0
          },
          {
            "lag_weeks": 2,
            "ndmi": -0.1671,
            "status": "ok",
            "scene_date": "2026-06-16",
            "product_id": "S2C_MSIL2A_20260616T064621_R020_T39QZV_20260616T114357",
            "cloud_cover": 0.000385,
            "clear_frac": 1.0
          },
          {
            "lag_weeks": 4,
            "ndmi": null,
            "status": "gap",
            "scene_date": null,
            "product_id": null,
            "cloud_cover": null,
            "clear_frac": null
          },
          {
            "lag_weeks": 6,
            "ndmi": null,
            "status": "gap",
            "scene_date": null,
            "product_id": null,
            "cloud_cover": null,
            "clear_frac": null
          }
        ],
        "mpi_n_valid": 3,
        "mpi_class": "Low",
        "mpi_class_display": "Low",
        "mpi_class_reason": "All valid NDMI ≤ dry baseline (no persistence signal; provisional)",
        "status": "pilot_unverified",
        "layer": "mountain_mpi_phase2",
        "provisional": true,
        "degradation_evidence_provisional": null,
        "terrain_evidence_provisional": true,
        "hydrology_evidence_provisional": true,
        "source": "Copernicus DEM GLO-30 via Microsoft Planetary Computer; Copernicus Sentinel-2 L2A (ESA) via Microsoft Planetary Computer",
        "source_citations": [
          {
            "lag_weeks": 0,
            "product_id": "S2B_MSIL2A_20260601T064619_R020_T39QZV_20260601T103750",
            "date": "2026-06-01",
            "tile": "39QZV",
            "cloud_cover": 0.000415,
            "clear_frac": 0.9998,
            "status": "ok"
          },
          {
            "lag_weeks": 1,
            "product_id": "S2C_MSIL2A_20260606T064621_R020_T39QZV_20260606T115910",
            "date": "2026-06-06",
            "tile": "39QZV",
            "cloud_cover": 0.00216,
            "clear_frac": 1.0,
            "status": "ok"
          },
          {
            "lag_weeks": 2,
            "product_id": "S2C_MSIL2A_20260616T064621_R020_T39QZV_20260616T114357",
            "date": "2026-06-16",
            "tile": "39QZV",
            "cloud_cover": 0.000385,
            "clear_frac": 1.0,
            "status": "ok"
          },
          {
            "lag_weeks": 4,
            "product_id": null,
            "date": null,
            "tile": null,
            "cloud_cover": null,
            "clear_frac": null,
            "status": "gap"
          },
          {
            "lag_weeks": 6,
            "product_id": null,
            "date": null,
            "tile": null,
            "cloud_cover": null,
            "clear_frac": null,
            "status": "gap"
          }
        ],
        "note": "Offline MPI evidence only (pilot_unverified / provisional). NDMI/MPI ≠ soil moisture %. No suitability→action auto-assign. Not for partner Map/Analysis/Restoration UI.",
        "sample_method": "stratified_elev_tertile_x_slope_median",
        "sample_stratum": "low_elev_gentle"
      }
    },
    {
      "type": "Feature",
      "geometry": {
        "type": "Polygon",
        "coordinates": [
          [
            [
              54.06575806580079,
              17.08429377769793
            ],
            [
              54.06575806580079,
              17.086539555635404
            ],
            [
              54.06340860086587,
              17.086539555635404
            ],
            [
              54.06340860086587,
              17.08429377769793
            ],
            [
              54.06575806580079,
              17.08429377769793
            ]
          ]
        ]
      },
      "properties": {
        "elevation_m": 80.2,
        "slope_deg": 1.54,
        "aspect_deg": 173.6,
        "twi": 5.237,
        "twi_note": "Topographic Wetness Proxy (coarse) — not full hydrology",
        "t0_date": "2026-06-01",
        "mpi_curve": [
          {
            "lag_weeks": 0,
            "ndmi": -0.0926,
            "status": "ok",
            "scene_date": "2026-06-01",
            "product_id": "S2B_MSIL2A_20260601T064619_R020_T39QZV_20260601T103750",
            "cloud_cover": 0.000415,
            "clear_frac": 0.9998
          },
          {
            "lag_weeks": 1,
            "ndmi": -0.0996,
            "status": "ok",
            "scene_date": "2026-06-06",
            "product_id": "S2C_MSIL2A_20260606T064621_R020_T39QZV_20260606T115910",
            "cloud_cover": 0.00216,
            "clear_frac": 1.0
          },
          {
            "lag_weeks": 2,
            "ndmi": -0.1015,
            "status": "ok",
            "scene_date": "2026-06-16",
            "product_id": "S2C_MSIL2A_20260616T064621_R020_T39QZV_20260616T114357",
            "cloud_cover": 0.000385,
            "clear_frac": 1.0
          },
          {
            "lag_weeks": 4,
            "ndmi": null,
            "status": "gap",
            "scene_date": null,
            "product_id": null,
            "cloud_cover": null,
            "clear_frac": null
          },
          {
            "lag_weeks": 6,
            "ndmi": null,
            "status": "gap",
            "scene_date": null,
            "product_id": null,
            "cloud_cover": null,
            "clear_frac": null
          }
        ],
        "mpi_n_valid": 3,
        "mpi_class": "Low",
        "mpi_class_display": "Low",
        "mpi_class_reason": "All valid NDMI ≤ dry baseline (no persistence signal; provisional)",
        "status": "pilot_unverified",
        "layer": "mountain_mpi_phase2",
        "provisional": true,
        "degradation_evidence_provisional": null,
        "terrain_evidence_provisional": true,
        "hydrology_evidence_provisional": true,
        "source": "Copernicus DEM GLO-30 via Microsoft Planetary Computer; Copernicus Sentinel-2 L2A (ESA) via Microsoft Planetary Computer",
        "source_citations": [
          {
            "lag_weeks": 0,
            "product_id": "S2B_MSIL2A_20260601T064619_R020_T39QZV_20260601T103750",
            "date": "2026-06-01",
            "tile": "39QZV",
            "cloud_cover": 0.000415,
            "clear_frac": 0.9998,
            "status": "ok"
          },
          {
            "lag_weeks": 1,
            "product_id": "S2C_MSIL2A_20260606T064621_R020_T39QZV_20260606T115910",
            "date": "2026-06-06",
            "tile": "39QZV",
            "cloud_cover": 0.00216,
            "clear_frac": 1.0,
            "status": "ok"
          },
          {
            "lag_weeks": 2,
            "product_id": "S2C_MSIL2A_20260616T064621_R020_T39QZV_20260616T114357",
            "date": "2026-06-16",
            "tile": "39QZV",
            "cloud_cover": 0.000385,
            "clear_frac": 1.0,
            "status": "ok"
          },
          {
            "lag_weeks": 4,
            "product_id": null,
            "date": null,
            "tile": null,
            "cloud_cover": null,
            "clear_frac": null,
            "status": "gap"
          },
          {
            "lag_weeks": 6,
            "product_id": null,
            "date": null,
            "tile": null,
            "cloud_cover": null,
            "clear_frac": null,
            "status": "gap"
          }
        ],
        "note": "Offline MPI evidence only (pilot_unverified / provisional). NDMI/MPI ≠ soil moisture %. No suitability→action auto-assign. Not for partner Map/Analysis/Restoration UI.",
        "sample_method": "stratified_elev_tertile_x_slope_median",
        "sample_stratum": "low_elev_gentle"
      }
    },
    {
      "type": "Feature",
      "geometry": {
        "type": "Polygon",
        "coordinates": [
          [
            [
              54.17909167963532,
              17.128738222142374
            ],
            [
              54.17909167963532,
              17.13098400007985
            ],
            [
              54.176741653698,
              17.13098400007985
            ],
            [
              54.176741653698,
              17.128738222142374
            ],
            [
              54.17909167963532,
              17.128738222142374
            ]
          ]
        ]
      },
      "properties": {
        "elevation_m": 67.2,
        "slope_deg": 0.65,
        "aspect_deg": 214.1,
        "twi": 6.052,
        "twi_note": "Topographic Wetness Proxy (coarse) — not full hydrology",
        "t0_date": "2026-06-01",
        "mpi_curve": [
          {
            "lag_weeks": 0,
            "ndmi": -0.1189,
            "status": "ok",
            "scene_date": "2026-06-01",
            "product_id": "S2B_MSIL2A_20260601T064619_R020_T39QZV_20260601T103750",
            "cloud_cover": 0.000415,
            "clear_frac": 0.9998
          },
          {
            "lag_weeks": 1,
            "ndmi": -0.1399,
            "status": "ok",
            "scene_date": "2026-06-06",
            "product_id": "S2C_MSIL2A_20260606T064621_R020_T39QZV_20260606T115910",
            "cloud_cover": 0.00216,
            "clear_frac": 1.0
          },
          {
            "lag_weeks": 2,
            "ndmi": -0.1469,
            "status": "ok",
            "scene_date": "2026-06-16",
            "product_id": "S2C_MSIL2A_20260616T064621_R020_T39QZV_20260616T114357",
            "cloud_cover": 0.000385,
            "clear_frac": 1.0
          },
          {
            "lag_weeks": 4,
            "ndmi": null,
            "status": "gap",
            "scene_date": null,
            "product_id": null,
            "cloud_cover": null,
            "clear_frac": null
          },
          {
            "lag_weeks": 6,
            "ndmi": null,
            "status": "gap",
            "scene_date": null,
            "product_id": null,
            "cloud_cover": null,
            "clear_frac": null
          }
        ],
        "mpi_n_valid": 3,
        "mpi_class": "Low",
        "mpi_class_display": "Low",
        "mpi_class_reason": "All valid NDMI ≤ dry baseline (no persistence signal; provisional)",
        "status": "pilot_unverified",
        "layer": "mountain_mpi_phase2",
        "provisional": true,
        "degradation_evidence_provisional": null,
        "terrain_evidence_provisional": true,
        "hydrology_evidence_provisional": true,
        "source": "Copernicus DEM GLO-30 via Microsoft Planetary Computer; Copernicus Sentinel-2 L2A (ESA) via Microsoft Planetary Computer",
        "source_citations": [
          {
            "lag_weeks": 0,
            "product_id": "S2B_MSIL2A_20260601T064619_R020_T39QZV_20260601T103750",
            "date": "2026-06-01",
            "tile": "39QZV",
            "cloud_cover": 0.000415,
            "clear_frac": 0.9998,
            "status": "ok"
          },
          {
            "lag_weeks": 1,
            "product_id": "S2C_MSIL2A_20260606T064621_R020_T39QZV_20260606T115910",
            "date": "2026-06-06",
            "tile": "39QZV",
            "cloud_cover": 0.00216,
            "clear_frac": 1.0,
            "status": "ok"
          },
          {
            "lag_weeks": 2,
            "product_id": "S2C_MSIL2A_20260616T064621_R020_T39QZV_20260616T114357",
            "date": "2026-06-16",
            "tile": "39QZV",
            "cloud_cover": 0.000385,
            "clear_frac": 1.0,
            "status": "ok"
          },
          {
            "lag_weeks": 4,
            "product_id": null,
            "date": null,
            "tile": null,
            "cloud_cover": null,
            "clear_frac": null,
            "status": "gap"
          },
          {
            "lag_weeks": 6,
            "product_id": null,
            "date": null,
            "tile": null,
            "cloud_cover": null,
            "clear_frac": null,
            "status": "gap"
          }
        ],
        "note": "Offline MPI evidence only (pilot_unverified / provisional). NDMI/MPI ≠ soil moisture %. No suitability→action auto-assign. Not for partner Map/Analysis/Restoration UI.",
        "sample_method": "stratified_elev_tertile_x_slope_median",
        "sample_stratum": "low_elev_gentle"
      }
    },
    {
      "type": "Feature",
      "geometry": {
        "type": "Polygon",
        "coordinates": [
          [
            [
              54.18575810782237,
              17.090960444364594
            ],
            [
              54.18575810782237,
              17.09320622230207
            ],
            [
              54.183408558844285,
              17.09320622230207
            ],
            [
              54.183408558844285,
              17.090960444364594
            ],
            [
              54.18575810782237,
              17.090960444364594
            ]
          ]
        ]
      },
      "properties": {
        "elevation_m": 48.7,
        "slope_deg": 0.93,
        "aspect_deg": 180.0,
        "twi": 5.725,
        "twi_note": "Topographic Wetness Proxy (coarse) — not full hydrology",
        "t0_date": "2026-06-01",
        "mpi_curve": [
          {
            "lag_weeks": 0,
            "ndmi": -0.1024,
            "status": "ok",
            "scene_date": "2026-06-01",
            "product_id": "S2B_MSIL2A_20260601T064619_R020_T39QZV_20260601T103750",
            "cloud_cover": 0.000415,
            "clear_frac": 0.9998
          },
          {
            "lag_weeks": 1,
            "ndmi": -0.1048,
            "status": "ok",
            "scene_date": "2026-06-06",
            "product_id": "S2C_MSIL2A_20260606T064621_R020_T39QZV_20260606T115910",
            "cloud_cover": 0.00216,
            "clear_frac": 1.0
          },
          {
            "lag_weeks": 2,
            "ndmi": -0.1128,
            "status": "ok",
            "scene_date": "2026-06-16",
            "product_id": "S2C_MSIL2A_20260616T064621_R020_T39QZV_20260616T114357",
            "cloud_cover": 0.000385,
            "clear_frac": 1.0
          },
          {
            "lag_weeks": 4,
            "ndmi": null,
            "status": "gap",
            "scene_date": null,
            "product_id": null,
            "cloud_cover": null,
            "clear_frac": null
          },
          {
            "lag_weeks": 6,
            "ndmi": null,
            "status": "gap",
            "scene_date": null,
            "product_id": null,
            "cloud_cover": null,
            "clear_frac": null
          }
        ],
        "mpi_n_valid": 3,
        "mpi_class": "Low",
        "mpi_class_display": "Low",
        "mpi_class_reason": "All valid NDMI ≤ dry baseline (no persistence signal; provisional)",
        "status": "pilot_unverified",
        "layer": "mountain_mpi_phase2",
        "provisional": true,
        "degradation_evidence_provisional": null,
        "terrain_evidence_provisional": true,
        "hydrology_evidence_provisional": true,
        "source": "Copernicus DEM GLO-30 via Microsoft Planetary Computer; Copernicus Sentinel-2 L2A (ESA) via Microsoft Planetary Computer",
        "source_citations": [
          {
            "lag_weeks": 0,
            "product_id": "S2B_MSIL2A_20260601T064619_R020_T39QZV_20260601T103750",
            "date": "2026-06-01",
            "tile": "39QZV",
            "cloud_cover": 0.000415,
            "clear_frac": 0.9998,
            "status": "ok"
          },
          {
            "lag_weeks": 1,
            "product_id": "S2C_MSIL2A_20260606T064621_R020_T39QZV_20260606T115910",
            "date": "2026-06-06",
            "tile": "39QZV",
            "cloud_cover": 0.00216,
            "clear_frac": 1.0,
            "status": "ok"
          },
          {
            "lag_weeks": 2,
            "product_id": "S2C_MSIL2A_20260616T064621_R020_T39QZV_20260616T114357",
            "date": "2026-06-16",
            "tile": "39QZV",
            "cloud_cover": 0.000385,
            "clear_frac": 1.0,
            "status": "ok"
          },
          {
            "lag_weeks": 4,
            "product_id": null,
            "date": null,
            "tile": null,
            "cloud_cover": null,
            "clear_frac": null,
            "status": "gap"
          },
          {
            "lag_weeks": 6,
            "product_id": null,
            "date": null,
            "tile": null,
            "cloud_cover": null,
            "clear_frac": null,
            "status": "gap"
          }
        ],
        "note": "Offline MPI evidence only (pilot_unverified / provisional). NDMI/MPI ≠ soil moisture %. No suitability→action auto-assign. Not for partner Map/Analysis/Restoration UI.",
        "sample_method": "stratified_elev_tertile_x_slope_median",
        "sample_stratum": "low_elev_gentle"
      }
    },
    {
      "type": "Feature",
      "geometry": {
        "type": "Polygon",
        "coordinates": [
          [
            [
              54.18575809381308,
              17.08873822214237
            ],
            [
              54.18575809381308,
              17.090984000079846
            ],
            [
              54.18340857285358,
              17.090984000079846
            ],
            [
              54.18340857285358,
              17.08873822214237
            ],
            [
              54.18575809381308,
              17.08873822214237
            ]
          ]
        ]
      },
      "properties": {
        "elevation_m": 47.3,
        "slope_deg": 1.2,
        "aspect_deg": 271.0,
        "twi": 5.606,
        "twi_note": "Topographic Wetness Proxy (coarse) — not full hydrology",
        "t0_date": "2026-06-01",
        "mpi_curve": [
          {
            "lag_weeks": 0,
            "ndmi": -0.0881,
            "status": "ok",
            "scene_date": "2026-06-01",
            "product_id": "S2B_MSIL2A_20260601T064619_R020_T39QZV_20260601T103750",
            "cloud_cover": 0.000415,
            "clear_frac": 0.9998
          },
          {
            "lag_weeks": 1,
            "ndmi": -0.096,
            "status": "ok",
            "scene_date": "2026-06-06",
            "product_id": "S2C_MSIL2A_20260606T064621_R020_T39QZV_20260606T115910",
            "cloud_cover": 0.00216,
            "clear_frac": 1.0
          },
          {
            "lag_weeks": 2,
            "ndmi": -0.0971,
            "status": "ok",
            "scene_date": "2026-06-16",
            "product_id": "S2C_MSIL2A_20260616T064621_R020_T39QZV_20260616T114357",
            "cloud_cover": 0.000385,
            "clear_frac": 1.0
          },
          {
            "lag_weeks": 4,
            "ndmi": null,
            "status": "gap",
            "scene_date": null,
            "product_id": null,
            "cloud_cover": null,
            "clear_frac": null
          },
          {
            "lag_weeks": 6,
            "ndmi": null,
            "status": "gap",
            "scene_date": null,
            "product_id": null,
            "cloud_cover": null,
            "clear_frac": null
          }
        ],
        "mpi_n_valid": 3,
        "mpi_class": "Low",
        "mpi_class_display": "Low",
        "mpi_class_reason": "All valid NDMI ≤ dry baseline (no persistence signal; provisional)",
        "status": "pilot_unverified",
        "layer": "mountain_mpi_phase2",
        "provisional": true,
        "degradation_evidence_provisional": null,
        "terrain_evidence_provisional": true,
        "hydrology_evidence_provisional": true,
        "source": "Copernicus DEM GLO-30 via Microsoft Planetary Computer; Copernicus Sentinel-2 L2A (ESA) via Microsoft Planetary Computer",
        "source_citations": [
          {
            "lag_weeks": 0,
            "product_id": "S2B_MSIL2A_20260601T064619_R020_T39QZV_20260601T103750",
            "date": "2026-06-01",
            "tile": "39QZV",
            "cloud_cover": 0.000415,
            "clear_frac": 0.9998,
            "status": "ok"
          },
          {
            "lag_weeks": 1,
            "product_id": "S2C_MSIL2A_20260606T064621_R020_T39QZV_20260606T115910",
            "date": "2026-06-06",
            "tile": "39QZV",
            "cloud_cover": 0.00216,
            "clear_frac": 1.0,
            "status": "ok"
          },
          {
            "lag_weeks": 2,
            "product_id": "S2C_MSIL2A_20260616T064621_R020_T39QZV_20260616T114357",
            "date": "2026-06-16",
            "tile": "39QZV",
            "cloud_cover": 0.000385,
            "clear_frac": 1.0,
            "status": "ok"
          },
          {
            "lag_weeks": 4,
            "product_id": null,
            "date": null,
            "tile": null,
            "cloud_cover": null,
            "clear_frac": null,
            "status": "gap"
          },
          {
            "lag_weeks": 6,
            "product_id": null,
            "date": null,
            "tile": null,
            "cloud_cover": null,
            "clear_frac": null,
            "status": "gap"
          }
        ],
        "note": "Offline MPI evidence only (pilot_unverified / provisional). NDMI/MPI ≠ soil moisture %. No suitability→action auto-assign. Not for partner Map/Analysis/Restoration UI.",
        "sample_method": "stratified_elev_tertile_x_slope_median",
        "sample_stratum": "low_elev_gentle"
      }
    },
    {
      "type": "Feature",
      "geometry": {
        "type": "Polygon",
        "coordinates": [
          [
            [
              54.09686930303339,
              17.10429377769793
            ],
            [
              54.09686930303339,
              17.106539555635404
            ],
            [
              54.094519585855494,
              17.106539555635404
            ],
            [
              54.094519585855494,
              17.10429377769793
            ],
            [
              54.09686930303339,
              17.10429377769793
            ]
          ]
        ]
      },
      "properties": {
        "elevation_m": 102.4,
        "slope_deg": 5.27,
        "aspect_deg": 168.0,
        "twi": 4.044,
        "twi_note": "Topographic Wetness Proxy (coarse) — not full hydrology",
        "t0_date": "2026-06-01",
        "mpi_curve": [
          {
            "lag_weeks": 0,
            "ndmi": -0.1013,
            "status": "ok",
            "scene_date": "2026-06-01",
            "product_id": "S2B_MSIL2A_20260601T064619_R020_T39QZV_20260601T103750",
            "cloud_cover": 0.000415,
            "clear_frac": 0.9998
          },
          {
            "lag_weeks": 1,
            "ndmi": -0.1093,
            "status": "ok",
            "scene_date": "2026-06-06",
            "product_id": "S2C_MSIL2A_20260606T064621_R020_T39QZV_20260606T115910",
            "cloud_cover": 0.00216,
            "clear_frac": 1.0
          },
          {
            "lag_weeks": 2,
            "ndmi": -0.1084,
            "status": "ok",
            "scene_date": "2026-06-16",
            "product_id": "S2C_MSIL2A_20260616T064621_R020_T39QZV_20260616T114357",
            "cloud_cover": 0.000385,
            "clear_frac": 1.0
          },
          {
            "lag_weeks": 4,
            "ndmi": null,
            "status": "gap",
            "scene_date": null,
            "product_id": null,
            "cloud_cover": null,
            "clear_frac": null
          },
          {
            "lag_weeks": 6,
            "ndmi": null,
            "status": "gap",
            "scene_date": null,
            "product_id": null,
            "cloud_cover": null,
            "clear_frac": null
          }
        ],
        "mpi_n_valid": 3,
        "mpi_class": "Low",
        "mpi_class_display": "Low",
        "mpi_class_reason": "All valid NDMI ≤ dry baseline (no persistence signal; provisional)",
        "status": "pilot_unverified",
        "layer": "mountain_mpi_phase2",
        "provisional": true,
        "degradation_evidence_provisional": null,
        "terrain_evidence_provisional": true,
        "hydrology_evidence_provisional": true,
        "source": "Copernicus DEM GLO-30 via Microsoft Planetary Computer; Copernicus Sentinel-2 L2A (ESA) via Microsoft Planetary Computer",
        "source_citations": [
          {
            "lag_weeks": 0,
            "product_id": "S2B_MSIL2A_20260601T064619_R020_T39QZV_20260601T103750",
            "date": "2026-06-01",
            "tile": "39QZV",
            "cloud_cover": 0.000415,
            "clear_frac": 0.9998,
            "status": "ok"
          },
          {
            "lag_weeks": 1,
            "product_id": "S2C_MSIL2A_20260606T064621_R020_T39QZV_20260606T115910",
            "date": "2026-06-06",
            "tile": "39QZV",
            "cloud_cover": 0.00216,
            "clear_frac": 1.0,
            "status": "ok"
          },
          {
            "lag_weeks": 2,
            "product_id": "S2C_MSIL2A_20260616T064621_R020_T39QZV_20260616T114357",
            "date": "2026-06-16",
            "tile": "39QZV",
            "cloud_cover": 0.000385,
            "clear_frac": 1.0,
            "status": "ok"
          },
          {
            "lag_weeks": 4,
            "product_id": null,
            "date": null,
            "tile": null,
            "cloud_cover": null,
            "clear_frac": null,
            "status": "gap"
          },
          {
            "lag_weeks": 6,
            "product_id": null,
            "date": null,
            "tile": null,
            "cloud_cover": null,
            "clear_frac": null,
            "status": "gap"
          }
        ],
        "note": "Offline MPI evidence only (pilot_unverified / provisional). NDMI/MPI ≠ soil moisture %. No suitability→action auto-assign. Not for partner Map/Analysis/Restoration UI.",
        "sample_method": "stratified_elev_tertile_x_slope_median",
        "sample_stratum": "low_elev_gentle"
      }
    },
    {
      "type": "Feature",
      "geometry": {
        "type": "Polygon",
        "coordinates": [
          [
            [
              54.21686923294488,
              17.093182666586817
            ],
            [
              54.21686923294488,
              17.09542844452429
            ],
            [
              54.21451965594401,
              17.09542844452429
            ],
            [
              54.21451965594401,
              17.093182666586817
            ],
            [
              54.21686923294488,
              17.093182666586817
            ]
          ]
        ]
      },
      "properties": {
        "elevation_m": 58.9,
        "slope_deg": 0.62,
        "aspect_deg": 218.6,
        "twi": 6.081,
        "twi_note": "Topographic Wetness Proxy (coarse) — not full hydrology",
        "t0_date": "2026-06-01",
        "mpi_curve": [
          {
            "lag_weeks": 0,
            "ndmi": -0.0905,
            "status": "ok",
            "scene_date": "2026-06-01",
            "product_id": "S2B_MSIL2A_20260601T064619_R020_T39QZV_20260601T103750",
            "cloud_cover": 0.000415,
            "clear_frac": 0.9998
          },
          {
            "lag_weeks": 1,
            "ndmi": -0.0984,
            "status": "ok",
            "scene_date": "2026-06-06",
            "product_id": "S2C_MSIL2A_20260606T064621_R020_T39QZV_20260606T115910",
            "cloud_cover": 0.00216,
            "clear_frac": 1.0
          },
          {
            "lag_weeks": 2,
            "ndmi": -0.0984,
            "status": "ok",
            "scene_date": "2026-06-16",
            "product_id": "S2C_MSIL2A_20260616T064621_R020_T39QZV_20260616T114357",
            "cloud_cover": 0.000385,
            "clear_frac": 1.0
          },
          {
            "lag_weeks": 4,
            "ndmi": null,
            "status": "gap",
            "scene_date": null,
            "product_id": null,
            "cloud_cover": null,
            "clear_frac": null
          },
          {
            "lag_weeks": 6,
            "ndmi": null,
            "status": "gap",
            "scene_date": null,
            "product_id": null,
            "cloud_cover": null,
            "clear_frac": null
          }
        ],
        "mpi_n_valid": 3,
        "mpi_class": "Low",
        "mpi_class_display": "Low",
        "mpi_class_reason": "All valid NDMI ≤ dry baseline (no persistence signal; provisional)",
        "status": "pilot_unverified",
        "layer": "mountain_mpi_phase2",
        "provisional": true,
        "degradation_evidence_provisional": null,
        "terrain_evidence_provisional": true,
        "hydrology_evidence_provisional": true,
        "source": "Copernicus DEM GLO-30 via Microsoft Planetary Computer; Copernicus Sentinel-2 L2A (ESA) via Microsoft Planetary Computer",
        "source_citations": [
          {
            "lag_weeks": 0,
            "product_id": "S2B_MSIL2A_20260601T064619_R020_T39QZV_20260601T103750",
            "date": "2026-06-01",
            "tile": "39QZV",
            "cloud_cover": 0.000415,
            "clear_frac": 0.9998,
            "status": "ok"
          },
          {
            "lag_weeks": 1,
            "product_id": "S2C_MSIL2A_20260606T064621_R020_T39QZV_20260606T115910",
            "date": "2026-06-06",
            "tile": "39QZV",
            "cloud_cover": 0.00216,
            "clear_frac": 1.0,
            "status": "ok"
          },
          {
            "lag_weeks": 2,
            "product_id": "S2C_MSIL2A_20260616T064621_R020_T39QZV_20260616T114357",
            "date": "2026-06-16",
            "tile": "39QZV",
            "cloud_cover": 0.000385,
            "clear_frac": 1.0,
            "status": "ok"
          },
          {
            "lag_weeks": 4,
            "product_id": null,
            "date": null,
            "tile": null,
            "cloud_cover": null,
            "clear_frac": null,
            "status": "gap"
          },
          {
            "lag_weeks": 6,
            "product_id": null,
            "date": null,
            "tile": null,
            "cloud_cover": null,
            "clear_frac": null,
            "status": "gap"
          }
        ],
        "note": "Offline MPI evidence only (pilot_unverified / provisional). NDMI/MPI ≠ soil moisture %. No suitability→action auto-assign. Not for partner Map/Analysis/Restoration UI.",
        "sample_method": "stratified_elev_tertile_x_slope_median",
        "sample_stratum": "low_elev_gentle"
      }
    },
    {
      "type": "Feature",
      "geometry": {
        "type": "Polygon",
        "coordinates": [
          [
            [
              54.114647052769456,
              17.099849333253484
            ],
            [
              54.114647052769456,
              17.10209511119096
            ],
            [
              54.112297391674986,
              17.10209511119096
            ],
            [
              54.112297391674986,
              17.099849333253484
            ],
            [
              54.114647052769456,
              17.099849333253484
            ]
          ]
        ]
      },
      "properties": {
        "elevation_m": 58.8,
        "slope_deg": 1.51,
        "aspect_deg": 155.1,
        "twi": 5.233,
        "twi_note": "Topographic Wetness Proxy (coarse) — not full hydrology",
        "t0_date": "2026-06-01",
        "mpi_curve": [
          {
            "lag_weeks": 0,
            "ndmi": -0.1385,
            "status": "ok",
            "scene_date": "2026-06-01",
            "product_id": "S2B_MSIL2A_20260601T064619_R020_T39QZV_20260601T103750",
            "cloud_cover": 0.000415,
            "clear_frac": 0.9998
          },
          {
            "lag_weeks": 1,
            "ndmi": -0.1382,
            "status": "ok",
            "scene_date": "2026-06-06",
            "product_id": "S2C_MSIL2A_20260606T064621_R020_T39QZV_20260606T115910",
            "cloud_cover": 0.00216,
            "clear_frac": 1.0
          },
          {
            "lag_weeks": 2,
            "ndmi": -0.143,
            "status": "ok",
            "scene_date": "2026-06-16",
            "product_id": "S2C_MSIL2A_20260616T064621_R020_T39QZV_20260616T114357",
            "cloud_cover": 0.000385,
            "clear_frac": 1.0
          },
          {
            "lag_weeks": 4,
            "ndmi": null,
            "status": "gap",
            "scene_date": null,
            "product_id": null,
            "cloud_cover": null,
            "clear_frac": null
          },
          {
            "lag_weeks": 6,
            "ndmi": null,
            "status": "gap",
            "scene_date": null,
            "product_id": null,
            "cloud_cover": null,
            "clear_frac": null
          }
        ],
        "mpi_n_valid": 3,
        "mpi_class": "Low",
        "mpi_class_display": "Low",
        "mpi_class_reason": "All valid NDMI ≤ dry baseline (no persistence signal; provisional)",
        "status": "pilot_unverified",
        "layer": "mountain_mpi_phase2",
        "provisional": true,
        "degradation_evidence_provisional": null,
        "terrain_evidence_provisional": true,
        "hydrology_evidence_provisional": true,
        "source": "Copernicus DEM GLO-30 via Microsoft Planetary Computer; Copernicus Sentinel-2 L2A (ESA) via Microsoft Planetary Computer",
        "source_citations": [
          {
            "lag_weeks": 0,
            "product_id": "S2B_MSIL2A_20260601T064619_R020_T39QZV_20260601T103750",
            "date": "2026-06-01",
            "tile": "39QZV",
            "cloud_cover": 0.000415,
            "clear_frac": 0.9998,
            "status": "ok"
          },
          {
            "lag_weeks": 1,
            "product_id": "S2C_MSIL2A_20260606T064621_R020_T39QZV_20260606T115910",
            "date": "2026-06-06",
            "tile": "39QZV",
            "cloud_cover": 0.00216,
            "clear_frac": 1.0,
            "status": "ok"
          },
          {
            "lag_weeks": 2,
            "product_id": "S2C_MSIL2A_20260616T064621_R020_T39QZV_20260616T114357",
            "date": "2026-06-16",
            "tile": "39QZV",
            "cloud_cover": 0.000385,
            "clear_frac": 1.0,
            "status": "ok"
          },
          {
            "lag_weeks": 4,
            "product_id": null,
            "date": null,
            "tile": null,
            "cloud_cover": null,
            "clear_frac": null,
            "status": "gap"
          },
          {
            "lag_weeks": 6,
            "product_id": null,
            "date": null,
            "tile": null,
            "cloud_cover": null,
            "clear_frac": null,
            "status": "gap"
          }
        ],
        "note": "Offline MPI evidence only (pilot_unverified / provisional). NDMI/MPI ≠ soil moisture %. No suitability→action auto-assign. Not for partner Map/Analysis/Restoration UI.",
        "sample_method": "stratified_elev_tertile_x_slope_median",
        "sample_stratum": "low_elev_gentle"
      }
    },
    {
      "type": "Feature",
      "geometry": {
        "type": "Polygon",
        "coordinates": [
          [
            [
              54.11909163750653,
              17.122071555475706
            ],
            [
              54.11909163750653,
              17.12431733341318
            ],
            [
              54.1167416958268,
              17.12431733341318
            ],
            [
              54.1167416958268,
              17.122071555475706
            ],
            [
              54.11909163750653,
              17.122071555475706
            ]
          ]
        ]
      },
      "properties": {
        "elevation_m": 146.5,
        "slope_deg": 16.32,
        "aspect_deg": 177.7,
        "twi": 2.887,
        "twi_note": "Topographic Wetness Proxy (coarse) — not full hydrology",
        "t0_date": "2026-06-01",
        "mpi_curve": [
          {
            "lag_weeks": 0,
            "ndmi": -0.0675,
            "status": "ok",
            "scene_date": "2026-06-01",
            "product_id": "S2B_MSIL2A_20260601T064619_R020_T39QZV_20260601T103750",
            "cloud_cover": 0.000415,
            "clear_frac": 0.9998
          },
          {
            "lag_weeks": 1,
            "ndmi": -0.0796,
            "status": "ok",
            "scene_date": "2026-06-06",
            "product_id": "S2C_MSIL2A_20260606T064621_R020_T39QZV_20260606T115910",
            "cloud_cover": 0.00216,
            "clear_frac": 1.0
          },
          {
            "lag_weeks": 2,
            "ndmi": -0.0817,
            "status": "ok",
            "scene_date": "2026-06-16",
            "product_id": "S2C_MSIL2A_20260616T064621_R020_T39QZV_20260616T114357",
            "cloud_cover": 0.000385,
            "clear_frac": 1.0
          },
          {
            "lag_weeks": 4,
            "ndmi": null,
            "status": "gap",
            "scene_date": null,
            "product_id": null,
            "cloud_cover": null,
            "clear_frac": null
          },
          {
            "lag_weeks": 6,
            "ndmi": null,
            "status": "gap",
            "scene_date": null,
            "product_id": null,
            "cloud_cover": null,
            "clear_frac": null
          }
        ],
        "mpi_n_valid": 3,
        "mpi_class": "Low",
        "mpi_class_display": "Low",
        "mpi_class_reason": "All valid NDMI ≤ dry baseline (no persistence signal; provisional)",
        "status": "pilot_unverified",
        "layer": "mountain_mpi_phase2",
        "provisional": true,
        "degradation_evidence_provisional": null,
        "terrain_evidence_provisional": true,
        "hydrology_evidence_provisional": true,
        "source": "Copernicus DEM GLO-30 via Microsoft Planetary Computer; Copernicus Sentinel-2 L2A (ESA) via Microsoft Planetary Computer",
        "source_citations": [
          {
            "lag_weeks": 0,
            "product_id": "S2B_MSIL2A_20260601T064619_R020_T39QZV_20260601T103750",
            "date": "2026-06-01",
            "tile": "39QZV",
            "cloud_cover": 0.000415,
            "clear_frac": 0.9998,
            "status": "ok"
          },
          {
            "lag_weeks": 1,
            "product_id": "S2C_MSIL2A_20260606T064621_R020_T39QZV_20260606T115910",
            "date": "2026-06-06",
            "tile": "39QZV",
            "cloud_cover": 0.00216,
            "clear_frac": 1.0,
            "status": "ok"
          },
          {
            "lag_weeks": 2,
            "product_id": "S2C_MSIL2A_20260616T064621_R020_T39QZV_20260616T114357",
            "date": "2026-06-16",
            "tile": "39QZV",
            "cloud_cover": 0.000385,
            "clear_frac": 1.0,
            "status": "ok"
          },
          {
            "lag_weeks": 4,
            "product_id": null,
            "date": null,
            "tile": null,
            "cloud_cover": null,
            "clear_frac": null,
            "status": "gap"
          },
          {
            "lag_weeks": 6,
            "product_id": null,
            "date": null,
            "tile": null,
            "cloud_cover": null,
            "clear_frac": null,
            "status": "gap"
          }
        ],
        "note": "Offline MPI evidence only (pilot_unverified / provisional). NDMI/MPI ≠ soil moisture %. No suitability→action auto-assign. Not for partner Map/Analysis/Restoration UI.",
        "sample_method": "stratified_elev_tertile_x_slope_median",
        "sample_stratum": "low_elev_steep"
      }
    },
    {
      "type": "Feature",
      "geometry": {
        "type": "Polygon",
        "coordinates": [
          [
            [
              54.12798052639541,
              17.122071555475706
            ],
            [
              54.12798052639541,
              17.12431733341318
            ],
            [
              54.12563058471569,
              17.12431733341318
            ],
            [
              54.12563058471569,
              17.122071555475706
            ],
            [
              54.12798052639541,
              17.122071555475706
            ]
          ]
        ]
      },
      "properties": {
        "elevation_m": 142.5,
        "slope_deg": 13.44,
        "aspect_deg": 191.7,
        "twi": 3.057,
        "twi_note": "Topographic Wetness Proxy (coarse) — not full hydrology",
        "t0_date": "2026-06-01",
        "mpi_curve": [
          {
            "lag_weeks": 0,
            "ndmi": -0.0904,
            "status": "ok",
            "scene_date": "2026-06-01",
            "product_id": "S2B_MSIL2A_20260601T064619_R020_T39QZV_20260601T103750",
            "cloud_cover": 0.000415,
            "clear_frac": 0.9998
          },
          {
            "lag_weeks": 1,
            "ndmi": -0.0971,
            "status": "ok",
            "scene_date": "2026-06-06",
            "product_id": "S2C_MSIL2A_20260606T064621_R020_T39QZV_20260606T115910",
            "cloud_cover": 0.00216,
            "clear_frac": 1.0
          },
          {
            "lag_weeks": 2,
            "ndmi": -0.0958,
            "status": "ok",
            "scene_date": "2026-06-16",
            "product_id": "S2C_MSIL2A_20260616T064621_R020_T39QZV_20260616T114357",
            "cloud_cover": 0.000385,
            "clear_frac": 1.0
          },
          {
            "lag_weeks": 4,
            "ndmi": null,
            "status": "gap",
            "scene_date": null,
            "product_id": null,
            "cloud_cover": null,
            "clear_frac": null
          },
          {
            "lag_weeks": 6,
            "ndmi": null,
            "status": "gap",
            "scene_date": null,
            "product_id": null,
            "cloud_cover": null,
            "clear_frac": null
          }
        ],
        "mpi_n_valid": 3,
        "mpi_class": "Low",
        "mpi_class_display": "Low",
        "mpi_class_reason": "All valid NDMI ≤ dry baseline (no persistence signal; provisional)",
        "status": "pilot_unverified",
        "layer": "mountain_mpi_phase2",
        "provisional": true,
        "degradation_evidence_provisional": null,
        "terrain_evidence_provisional": true,
        "hydrology_evidence_provisional": true,
        "source": "Copernicus DEM GLO-30 via Microsoft Planetary Computer; Copernicus Sentinel-2 L2A (ESA) via Microsoft Planetary Computer",
        "source_citations": [
          {
            "lag_weeks": 0,
            "product_id": "S2B_MSIL2A_20260601T064619_R020_T39QZV_20260601T103750",
            "date": "2026-06-01",
            "tile": "39QZV",
            "cloud_cover": 0.000415,
            "clear_frac": 0.9998,
            "status": "ok"
          },
          {
            "lag_weeks": 1,
            "product_id": "S2C_MSIL2A_20260606T064621_R020_T39QZV_20260606T115910",
            "date": "2026-06-06",
            "tile": "39QZV",
            "cloud_cover": 0.00216,
            "clear_frac": 1.0,
            "status": "ok"
          },
          {
            "lag_weeks": 2,
            "product_id": "S2C_MSIL2A_20260616T064621_R020_T39QZV_20260616T114357",
            "date": "2026-06-16",
            "tile": "39QZV",
            "cloud_cover": 0.000385,
            "clear_frac": 1.0,
            "status": "ok"
          },
          {
            "lag_weeks": 4,
            "product_id": null,
            "date": null,
            "tile": null,
            "cloud_cover": null,
            "clear_frac": null,
            "status": "gap"
          },
          {
            "lag_weeks": 6,
            "product_id": null,
            "date": null,
            "tile": null,
            "cloud_cover": null,
            "clear_frac": null,
            "status": "gap"
          }
        ],
        "note": "Offline MPI evidence only (pilot_unverified / provisional). NDMI/MPI ≠ soil moisture %. No suitability→action auto-assign. Not for partner Map/Analysis/Restoration UI.",
        "sample_method": "stratified_elev_tertile_x_slope_median",
        "sample_stratum": "low_elev_steep"
      }
    },
    {
      "type": "Feature",
      "geometry": {
        "type": "Polygon",
        "coordinates": [
          [
            [
              54.20575845873799,
              17.14651599992015
            ],
            [
              54.20575845873799,
              17.148761777857626
            ],
            [
              54.203408207928675,
              17.148761777857626
            ],
            [
              54.203408207928675,
              17.14651599992015
            ],
            [
              54.20575845873799,
              17.14651599992015
            ]
          ]
        ]
      },
      "properties": {
        "elevation_m": 142.2,
        "slope_deg": 11.9,
        "aspect_deg": 126.2,
        "twi": 3.518,
        "twi_note": "Topographic Wetness Proxy (coarse) — not full hydrology",
        "t0_date": "2026-06-01",
        "mpi_curve": [
          {
            "lag_weeks": 0,
            "ndmi": -0.0959,
            "status": "ok",
            "scene_date": "2026-06-01",
            "product_id": "S2B_MSIL2A_20260601T064619_R020_T39QZV_20260601T103750",
            "cloud_cover": 0.000415,
            "clear_frac": 0.9998
          },
          {
            "lag_weeks": 1,
            "ndmi": -0.1034,
            "status": "ok",
            "scene_date": "2026-06-06",
            "product_id": "S2C_MSIL2A_20260606T064621_R020_T39QZV_20260606T115910",
            "cloud_cover": 0.00216,
            "clear_frac": 1.0
          },
          {
            "lag_weeks": 2,
            "ndmi": -0.1089,
            "status": "ok",
            "scene_date": "2026-06-16",
            "product_id": "S2C_MSIL2A_20260616T064621_R020_T39QZV_20260616T114357",
            "cloud_cover": 0.000385,
            "clear_frac": 1.0
          },
          {
            "lag_weeks": 4,
            "ndmi": null,
            "status": "gap",
            "scene_date": null,
            "product_id": null,
            "cloud_cover": null,
            "clear_frac": null
          },
          {
            "lag_weeks": 6,
            "ndmi": null,
            "status": "gap",
            "scene_date": null,
            "product_id": null,
            "cloud_cover": null,
            "clear_frac": null
          }
        ],
        "mpi_n_valid": 3,
        "mpi_class": "Low",
        "mpi_class_display": "Low",
        "mpi_class_reason": "All valid NDMI ≤ dry baseline (no persistence signal; provisional)",
        "status": "pilot_unverified",
        "layer": "mountain_mpi_phase2",
        "provisional": true,
        "degradation_evidence_provisional": null,
        "terrain_evidence_provisional": true,
        "hydrology_evidence_provisional": true,
        "source": "Copernicus DEM GLO-30 via Microsoft Planetary Computer; Copernicus Sentinel-2 L2A (ESA) via Microsoft Planetary Computer",
        "source_citations": [
          {
            "lag_weeks": 0,
            "product_id": "S2B_MSIL2A_20260601T064619_R020_T39QZV_20260601T103750",
            "date": "2026-06-01",
            "tile": "39QZV",
            "cloud_cover": 0.000415,
            "clear_frac": 0.9998,
            "status": "ok"
          },
          {
            "lag_weeks": 1,
            "product_id": "S2C_MSIL2A_20260606T064621_R020_T39QZV_20260606T115910",
            "date": "2026-06-06",
            "tile": "39QZV",
            "cloud_cover": 0.00216,
            "clear_frac": 1.0,
            "status": "ok"
          },
          {
            "lag_weeks": 2,
            "product_id": "S2C_MSIL2A_20260616T064621_R020_T39QZV_20260616T114357",
            "date": "2026-06-16",
            "tile": "39QZV",
            "cloud_cover": 0.000385,
            "clear_frac": 1.0,
            "status": "ok"
          },
          {
            "lag_weeks": 4,
            "product_id": null,
            "date": null,
            "tile": null,
            "cloud_cover": null,
            "clear_frac": null,
            "status": "gap"
          },
          {
            "lag_weeks": 6,
            "product_id": null,
            "date": null,
            "tile": null,
            "cloud_cover": null,
            "clear_frac": null,
            "status": "gap"
          }
        ],
        "note": "Offline MPI evidence only (pilot_unverified / provisional). NDMI/MPI ≠ soil moisture %. No suitability→action auto-assign. Not for partner Map/Analysis/Restoration UI.",
        "sample_method": "stratified_elev_tertile_x_slope_median",
        "sample_stratum": "low_elev_steep"
      }
    },
    {
      "type": "Feature",
      "geometry": {
        "type": "Polygon",
        "coordinates": [
          [
            [
              54.085758191922274,
              17.10429377769793
            ],
            [
              54.085758191922274,
              17.106539555635404
            ],
            [
              54.08340847474438,
              17.106539555635404
            ],
            [
              54.08340847474438,
              17.10429377769793
            ],
            [
              54.085758191922274,
              17.10429377769793
            ]
          ]
        ]
      },
      "properties": {
        "elevation_m": 145.4,
        "slope_deg": 15.24,
        "aspect_deg": 152.2,
        "twi": 3.045,
        "twi_note": "Topographic Wetness Proxy (coarse) — not full hydrology",
        "t0_date": "2026-06-01",
        "mpi_curve": [
          {
            "lag_weeks": 0,
            "ndmi": -0.1084,
            "status": "ok",
            "scene_date": "2026-06-01",
            "product_id": "S2B_MSIL2A_20260601T064619_R020_T39QZV_20260601T103750",
            "cloud_cover": 0.000415,
            "clear_frac": 0.9998
          },
          {
            "lag_weeks": 1,
            "ndmi": -0.1135,
            "status": "ok",
            "scene_date": "2026-06-06",
            "product_id": "S2C_MSIL2A_20260606T064621_R020_T39QZV_20260606T115910",
            "cloud_cover": 0.00216,
            "clear_frac": 1.0
          },
          {
            "lag_weeks": 2,
            "ndmi": -0.1178,
            "status": "ok",
            "scene_date": "2026-06-16",
            "product_id": "S2C_MSIL2A_20260616T064621_R020_T39QZV_20260616T114357",
            "cloud_cover": 0.000385,
            "clear_frac": 1.0
          },
          {
            "lag_weeks": 4,
            "ndmi": null,
            "status": "gap",
            "scene_date": null,
            "product_id": null,
            "cloud_cover": null,
            "clear_frac": null
          },
          {
            "lag_weeks": 6,
            "ndmi": null,
            "status": "gap",
            "scene_date": null,
            "product_id": null,
            "cloud_cover": null,
            "clear_frac": null
          }
        ],
        "mpi_n_valid": 3,
        "mpi_class": "Low",
        "mpi_class_display": "Low",
        "mpi_class_reason": "All valid NDMI ≤ dry baseline (no persistence signal; provisional)",
        "status": "pilot_unverified",
        "layer": "mountain_mpi_phase2",
        "provisional": true,
        "degradation_evidence_provisional": null,
        "terrain_evidence_provisional": true,
        "hydrology_evidence_provisional": true,
        "source": "Copernicus DEM GLO-30 via Microsoft Planetary Computer; Copernicus Sentinel-2 L2A (ESA) via Microsoft Planetary Computer",
        "source_citations": [
          {
            "lag_weeks": 0,
            "product_id": "S2B_MSIL2A_20260601T064619_R020_T39QZV_20260601T103750",
            "date": "2026-06-01",
            "tile": "39QZV",
            "cloud_cover": 0.000415,
            "clear_frac": 0.9998,
            "status": "ok"
          },
          {
            "lag_weeks": 1,
            "product_id": "S2C_MSIL2A_20260606T064621_R020_T39QZV_20260606T115910",
            "date": "2026-06-06",
            "tile": "39QZV",
            "cloud_cover": 0.00216,
            "clear_frac": 1.0,
            "status": "ok"
          },
          {
            "lag_weeks": 2,
            "product_id": "S2C_MSIL2A_20260616T064621_R020_T39QZV_20260616T114357",
            "date": "2026-06-16",
            "tile": "39QZV",
            "cloud_cover": 0.000385,
            "clear_frac": 1.0,
            "status": "ok"
          },
          {
            "lag_weeks": 4,
            "product_id": null,
            "date": null,
            "tile": null,
            "cloud_cover": null,
            "clear_frac": null,
            "status": "gap"
          },
          {
            "lag_weeks": 6,
            "product_id": null,
            "date": null,
            "tile": null,
            "cloud_cover": null,
            "clear_frac": null,
            "status": "gap"
          }
        ],
        "note": "Offline MPI evidence only (pilot_unverified / provisional). NDMI/MPI ≠ soil moisture %. No suitability→action auto-assign. Not for partner Map/Analysis/Restoration UI.",
        "sample_method": "stratified_elev_tertile_x_slope_median",
        "sample_stratum": "low_elev_steep"
      }
    },
    {
      "type": "Feature",
      "geometry": {
        "type": "Polygon",
        "coordinates": [
          [
            [
              54.1368694574131,
              17.128738222142374
            ],
            [
              54.1368694574131,
              17.13098400007985
            ],
            [
              54.13451943147578,
              17.13098400007985
            ],
            [
              54.13451943147578,
              17.128738222142374
            ],
            [
              54.1368694574131,
              17.128738222142374
            ]
          ]
        ]
      },
      "properties": {
        "elevation_m": 130.7,
        "slope_deg": 16.26,
        "aspect_deg": 232.7,
        "twi": 2.946,
        "twi_note": "Topographic Wetness Proxy (coarse) — not full hydrology",
        "t0_date": "2026-06-01",
        "mpi_curve": [
          {
            "lag_weeks": 0,
            "ndmi": -0.089,
            "status": "ok",
            "scene_date": "2026-06-01",
            "product_id": "S2B_MSIL2A_20260601T064619_R020_T39QZV_20260601T103750",
            "cloud_cover": 0.000415,
            "clear_frac": 0.9998
          },
          {
            "lag_weeks": 1,
            "ndmi": -0.0921,
            "status": "ok",
            "scene_date": "2026-06-06",
            "product_id": "S2C_MSIL2A_20260606T064621_R020_T39QZV_20260606T115910",
            "cloud_cover": 0.00216,
            "clear_frac": 1.0
          },
          {
            "lag_weeks": 2,
            "ndmi": -0.0962,
            "status": "ok",
            "scene_date": "2026-06-16",
            "product_id": "S2C_MSIL2A_20260616T064621_R020_T39QZV_20260616T114357",
            "cloud_cover": 0.000385,
            "clear_frac": 1.0
          },
          {
            "lag_weeks": 4,
            "ndmi": null,
            "status": "gap",
            "scene_date": null,
            "product_id": null,
            "cloud_cover": null,
            "clear_frac": null
          },
          {
            "lag_weeks": 6,
            "ndmi": null,
            "status": "gap",
            "scene_date": null,
            "product_id": null,
            "cloud_cover": null,
            "clear_frac": null
          }
        ],
        "mpi_n_valid": 3,
        "mpi_class": "Low",
        "mpi_class_display": "Low",
        "mpi_class_reason": "All valid NDMI ≤ dry baseline (no persistence signal; provisional)",
        "status": "pilot_unverified",
        "layer": "mountain_mpi_phase2",
        "provisional": true,
        "degradation_evidence_provisional": null,
        "terrain_evidence_provisional": true,
        "hydrology_evidence_provisional": true,
        "source": "Copernicus DEM GLO-30 via Microsoft Planetary Computer; Copernicus Sentinel-2 L2A (ESA) via Microsoft Planetary Computer",
        "source_citations": [
          {
            "lag_weeks": 0,
            "product_id": "S2B_MSIL2A_20260601T064619_R020_T39QZV_20260601T103750",
            "date": "2026-06-01",
            "tile": "39QZV",
            "cloud_cover": 0.000415,
            "clear_frac": 0.9998,
            "status": "ok"
          },
          {
            "lag_weeks": 1,
            "product_id": "S2C_MSIL2A_20260606T064621_R020_T39QZV_20260606T115910",
            "date": "2026-06-06",
            "tile": "39QZV",
            "cloud_cover": 0.00216,
            "clear_frac": 1.0,
            "status": "ok"
          },
          {
            "lag_weeks": 2,
            "product_id": "S2C_MSIL2A_20260616T064621_R020_T39QZV_20260616T114357",
            "date": "2026-06-16",
            "tile": "39QZV",
            "cloud_cover": 0.000385,
            "clear_frac": 1.0,
            "status": "ok"
          },
          {
            "lag_weeks": 4,
            "product_id": null,
            "date": null,
            "tile": null,
            "cloud_cover": null,
            "clear_frac": null,
            "status": "gap"
          },
          {
            "lag_weeks": 6,
            "product_id": null,
            "date": null,
            "tile": null,
            "cloud_cover": null,
            "clear_frac": null,
            "status": "gap"
          }
        ],
        "note": "Offline MPI evidence only (pilot_unverified / provisional). NDMI/MPI ≠ soil moisture %. No suitability→action auto-assign. Not for partner Map/Analysis/Restoration UI.",
        "sample_method": "stratified_elev_tertile_x_slope_median",
        "sample_stratum": "low_elev_steep"
      }
    },
    {
      "type": "Feature",
      "geometry": {
        "type": "Polygon",
        "coordinates": [
          [
            [
              54.094647136919804,
              17.113182666586816
            ],
            [
              54.094647136919804,
              17.11542844452429
            ],
            [
              54.09229730752463,
              17.11542844452429
            ],
            [
              54.09229730752463,
              17.113182666586816
            ],
            [
              54.094647136919804,
              17.113182666586816
            ]
          ]
        ]
      },
      "properties": {
        "elevation_m": 138.2,
        "slope_deg": 16.39,
        "aspect_deg": 165.9,
        "twi": 2.996,
        "twi_note": "Topographic Wetness Proxy (coarse) — not full hydrology",
        "t0_date": "2026-06-01",
        "mpi_curve": [
          {
            "lag_weeks": 0,
            "ndmi": -0.097,
            "status": "ok",
            "scene_date": "2026-06-01",
            "product_id": "S2B_MSIL2A_20260601T064619_R020_T39QZV_20260601T103750",
            "cloud_cover": 0.000415,
            "clear_frac": 0.9998
          },
          {
            "lag_weeks": 1,
            "ndmi": -0.1019,
            "status": "ok",
            "scene_date": "2026-06-06",
            "product_id": "S2C_MSIL2A_20260606T064621_R020_T39QZV_20260606T115910",
            "cloud_cover": 0.00216,
            "clear_frac": 1.0
          },
          {
            "lag_weeks": 2,
            "ndmi": -0.1058,
            "status": "ok",
            "scene_date": "2026-06-16",
            "product_id": "S2C_MSIL2A_20260616T064621_R020_T39QZV_20260616T114357",
            "cloud_cover": 0.000385,
            "clear_frac": 1.0
          },
          {
            "lag_weeks": 4,
            "ndmi": null,
            "status": "gap",
            "scene_date": null,
            "product_id": null,
            "cloud_cover": null,
            "clear_frac": null
          },
          {
            "lag_weeks": 6,
            "ndmi": null,
            "status": "gap",
            "scene_date": null,
            "product_id": null,
            "cloud_cover": null,
            "clear_frac": null
          }
        ],
        "mpi_n_valid": 3,
        "mpi_class": "Low",
        "mpi_class_display": "Low",
        "mpi_class_reason": "All valid NDMI ≤ dry baseline (no persistence signal; provisional)",
        "status": "pilot_unverified",
        "layer": "mountain_mpi_phase2",
        "provisional": true,
        "degradation_evidence_provisional": null,
        "terrain_evidence_provisional": true,
        "hydrology_evidence_provisional": true,
        "source": "Copernicus DEM GLO-30 via Microsoft Planetary Computer; Copernicus Sentinel-2 L2A (ESA) via Microsoft Planetary Computer",
        "source_citations": [
          {
            "lag_weeks": 0,
            "product_id": "S2B_MSIL2A_20260601T064619_R020_T39QZV_20260601T103750",
            "date": "2026-06-01",
            "tile": "39QZV",
            "cloud_cover": 0.000415,
            "clear_frac": 0.9998,
            "status": "ok"
          },
          {
            "lag_weeks": 1,
            "product_id": "S2C_MSIL2A_20260606T064621_R020_T39QZV_20260606T115910",
            "date": "2026-06-06",
            "tile": "39QZV",
            "cloud_cover": 0.00216,
            "clear_frac": 1.0,
            "status": "ok"
          },
          {
            "lag_weeks": 2,
            "product_id": "S2C_MSIL2A_20260616T064621_R020_T39QZV_20260616T114357",
            "date": "2026-06-16",
            "tile": "39QZV",
            "cloud_cover": 0.000385,
            "clear_frac": 1.0,
            "status": "ok"
          },
          {
            "lag_weeks": 4,
            "product_id": null,
            "date": null,
            "tile": null,
            "cloud_cover": null,
            "clear_frac": null,
            "status": "gap"
          },
          {
            "lag_weeks": 6,
            "product_id": null,
            "date": null,
            "tile": null,
            "cloud_cover": null,
            "clear_frac": null,
            "status": "gap"
          }
        ],
        "note": "Offline MPI evidence only (pilot_unverified / provisional). NDMI/MPI ≠ soil moisture %. No suitability→action auto-assign. Not for partner Map/Analysis/Restoration UI.",
        "sample_method": "stratified_elev_tertile_x_slope_median",
        "sample_stratum": "low_elev_steep"
      }
    },
    {
      "type": "Feature",
      "geometry": {
        "type": "Polygon",
        "coordinates": [
          [
            [
              54.21242498488069,
              17.12429377769793
            ],
            [
              54.21242498488069,
              17.126539555635404
            ],
            [
              54.21007501511931,
              17.126539555635404
            ],
            [
              54.21007501511931,
              17.12429377769793
            ],
            [
              54.21242498488069,
              17.12429377769793
            ]
          ]
        ]
      },
      "properties": {
        "elevation_m": 110.5,
        "slope_deg": 13.28,
        "aspect_deg": 211.3,
        "twi": 3.086,
        "twi_note": "Topographic Wetness Proxy (coarse) — not full hydrology",
        "t0_date": "2026-06-01",
        "mpi_curve": [
          {
            "lag_weeks": 0,
            "ndmi": -0.1537,
            "status": "ok",
            "scene_date": "2026-06-01",
            "product_id": "S2B_MSIL2A_20260601T064619_R020_T39QZV_20260601T103750",
            "cloud_cover": 0.000415,
            "clear_frac": 0.9998
          },
          {
            "lag_weeks": 1,
            "ndmi": -0.1571,
            "status": "ok",
            "scene_date": "2026-06-06",
            "product_id": "S2C_MSIL2A_20260606T064621_R020_T39QZV_20260606T115910",
            "cloud_cover": 0.00216,
            "clear_frac": 1.0
          },
          {
            "lag_weeks": 2,
            "ndmi": -0.163,
            "status": "ok",
            "scene_date": "2026-06-16",
            "product_id": "S2C_MSIL2A_20260616T064621_R020_T39QZV_20260616T114357",
            "cloud_cover": 0.000385,
            "clear_frac": 1.0
          },
          {
            "lag_weeks": 4,
            "ndmi": null,
            "status": "gap",
            "scene_date": null,
            "product_id": null,
            "cloud_cover": null,
            "clear_frac": null
          },
          {
            "lag_weeks": 6,
            "ndmi": null,
            "status": "gap",
            "scene_date": null,
            "product_id": null,
            "cloud_cover": null,
            "clear_frac": null
          }
        ],
        "mpi_n_valid": 3,
        "mpi_class": "Low",
        "mpi_class_display": "Low",
        "mpi_class_reason": "All valid NDMI ≤ dry baseline (no persistence signal; provisional)",
        "status": "pilot_unverified",
        "layer": "mountain_mpi_phase2",
        "provisional": true,
        "degradation_evidence_provisional": null,
        "terrain_evidence_provisional": true,
        "hydrology_evidence_provisional": true,
        "source": "Copernicus DEM GLO-30 via Microsoft Planetary Computer; Copernicus Sentinel-2 L2A (ESA) via Microsoft Planetary Computer",
        "source_citations": [
          {
            "lag_weeks": 0,
            "product_id": "S2B_MSIL2A_20260601T064619_R020_T39QZV_20260601T103750",
            "date": "2026-06-01",
            "tile": "39QZV",
            "cloud_cover": 0.000415,
            "clear_frac": 0.9998,
            "status": "ok"
          },
          {
            "lag_weeks": 1,
            "product_id": "S2C_MSIL2A_20260606T064621_R020_T39QZV_20260606T115910",
            "date": "2026-06-06",
            "tile": "39QZV",
            "cloud_cover": 0.00216,
            "clear_frac": 1.0,
            "status": "ok"
          },
          {
            "lag_weeks": 2,
            "product_id": "S2C_MSIL2A_20260616T064621_R020_T39QZV_20260616T114357",
            "date": "2026-06-16",
            "tile": "39QZV",
            "cloud_cover": 0.000385,
            "clear_frac": 1.0,
            "status": "ok"
          },
          {
            "lag_weeks": 4,
            "product_id": null,
            "date": null,
            "tile": null,
            "cloud_cover": null,
            "clear_frac": null,
            "status": "gap"
          },
          {
            "lag_weeks": 6,
            "product_id": null,
            "date": null,
            "tile": null,
            "cloud_cover": null,
            "clear_frac": null,
            "status": "gap"
          }
        ],
        "note": "Offline MPI evidence only (pilot_unverified / provisional). NDMI/MPI ≠ soil moisture %. No suitability→action auto-assign. Not for partner Map/Analysis/Restoration UI.",
        "sample_method": "stratified_elev_tertile_x_slope_median",
        "sample_stratum": "low_elev_steep"
      }
    },
    {
      "type": "Feature",
      "geometry": {
        "type": "Polygon",
        "coordinates": [
          [
            [
              54.1946473054476,
              17.139849333253483
            ],
            [
              54.1946473054476,
              17.142095111190958
            ],
            [
              54.192297138996835,
              17.142095111190958
            ],
            [
              54.192297138996835,
              17.139849333253483
            ],
            [
              54.1946473054476,
              17.139849333253483
            ]
          ]
        ]
      },
      "properties": {
        "elevation_m": 129.7,
        "slope_deg": 13.32,
        "aspect_deg": 255.4,
        "twi": 3.217,
        "twi_note": "Topographic Wetness Proxy (coarse) — not full hydrology",
        "t0_date": "2026-06-01",
        "mpi_curve": [
          {
            "lag_weeks": 0,
            "ndmi": -0.132,
            "status": "ok",
            "scene_date": "2026-06-01",
            "product_id": "S2B_MSIL2A_20260601T064619_R020_T39QZV_20260601T103750",
            "cloud_cover": 0.000415,
            "clear_frac": 0.9998
          },
          {
            "lag_weeks": 1,
            "ndmi": -0.137,
            "status": "ok",
            "scene_date": "2026-06-06",
            "product_id": "S2C_MSIL2A_20260606T064621_R020_T39QZV_20260606T115910",
            "cloud_cover": 0.00216,
            "clear_frac": 1.0
          },
          {
            "lag_weeks": 2,
            "ndmi": -0.139,
            "status": "ok",
            "scene_date": "2026-06-16",
            "product_id": "S2C_MSIL2A_20260616T064621_R020_T39QZV_20260616T114357",
            "cloud_cover": 0.000385,
            "clear_frac": 1.0
          },
          {
            "lag_weeks": 4,
            "ndmi": null,
            "status": "gap",
            "scene_date": null,
            "product_id": null,
            "cloud_cover": null,
            "clear_frac": null
          },
          {
            "lag_weeks": 6,
            "ndmi": null,
            "status": "gap",
            "scene_date": null,
            "product_id": null,
            "cloud_cover": null,
            "clear_frac": null
          }
        ],
        "mpi_n_valid": 3,
        "mpi_class": "Low",
        "mpi_class_display": "Low",
        "mpi_class_reason": "All valid NDMI ≤ dry baseline (no persistence signal; provisional)",
        "status": "pilot_unverified",
        "layer": "mountain_mpi_phase2",
        "provisional": true,
        "degradation_evidence_provisional": null,
        "terrain_evidence_provisional": true,
        "hydrology_evidence_provisional": true,
        "source": "Copernicus DEM GLO-30 via Microsoft Planetary Computer; Copernicus Sentinel-2 L2A (ESA) via Microsoft Planetary Computer",
        "source_citations": [
          {
            "lag_weeks": 0,
            "product_id": "S2B_MSIL2A_20260601T064619_R020_T39QZV_20260601T103750",
            "date": "2026-06-01",
            "tile": "39QZV",
            "cloud_cover": 0.000415,
            "clear_frac": 0.9998,
            "status": "ok"
          },
          {
            "lag_weeks": 1,
            "product_id": "S2C_MSIL2A_20260606T064621_R020_T39QZV_20260606T115910",
            "date": "2026-06-06",
            "tile": "39QZV",
            "cloud_cover": 0.00216,
            "clear_frac": 1.0,
            "status": "ok"
          },
          {
            "lag_weeks": 2,
            "product_id": "S2C_MSIL2A_20260616T064621_R020_T39QZV_20260616T114357",
            "date": "2026-06-16",
            "tile": "39QZV",
            "cloud_cover": 0.000385,
            "clear_frac": 1.0,
            "status": "ok"
          },
          {
            "lag_weeks": 4,
            "product_id": null,
            "date": null,
            "tile": null,
            "cloud_cover": null,
            "clear_frac": null,
            "status": "gap"
          },
          {
            "lag_weeks": 6,
            "product_id": null,
            "date": null,
            "tile": null,
            "cloud_cover": null,
            "clear_frac": null,
            "status": "gap"
          }
        ],
        "note": "Offline MPI evidence only (pilot_unverified / provisional). NDMI/MPI ≠ soil moisture %. No suitability→action auto-assign. Not for partner Map/Analysis/Restoration UI.",
        "sample_method": "stratified_elev_tertile_x_slope_median",
        "sample_stratum": "low_elev_steep"
      }
    },
    {
      "type": "Feature",
      "geometry": {
        "type": "Polygon",
        "coordinates": [
          [
            [
              54.210202804793575,
              17.130960444364593
            ],
            [
              54.210202804793575,
              17.133206222302068
            ],
            [
              54.20785275076198,
              17.133206222302068
            ],
            [
              54.20785275076198,
              17.130960444364593
            ],
            [
              54.210202804793575,
              17.130960444364593
            ]
          ]
        ]
      },
      "properties": {
        "elevation_m": 127.0,
        "slope_deg": 12.67,
        "aspect_deg": 216.7,
        "twi": 3.088,
        "twi_note": "Topographic Wetness Proxy (coarse) — not full hydrology",
        "t0_date": "2026-06-01",
        "mpi_curve": [
          {
            "lag_weeks": 0,
            "ndmi": -0.1589,
            "status": "ok",
            "scene_date": "2026-06-01",
            "product_id": "S2B_MSIL2A_20260601T064619_R020_T39QZV_20260601T103750",
            "cloud_cover": 0.000415,
            "clear_frac": 0.9998
          },
          {
            "lag_weeks": 1,
            "ndmi": -0.1847,
            "status": "ok",
            "scene_date": "2026-06-06",
            "product_id": "S2C_MSIL2A_20260606T064621_R020_T39QZV_20260606T115910",
            "cloud_cover": 0.00216,
            "clear_frac": 1.0
          },
          {
            "lag_weeks": 2,
            "ndmi": -0.1952,
            "status": "ok",
            "scene_date": "2026-06-16",
            "product_id": "S2C_MSIL2A_20260616T064621_R020_T39QZV_20260616T114357",
            "cloud_cover": 0.000385,
            "clear_frac": 1.0
          },
          {
            "lag_weeks": 4,
            "ndmi": null,
            "status": "gap",
            "scene_date": null,
            "product_id": null,
            "cloud_cover": null,
            "clear_frac": null
          },
          {
            "lag_weeks": 6,
            "ndmi": null,
            "status": "gap",
            "scene_date": null,
            "product_id": null,
            "cloud_cover": null,
            "clear_frac": null
          }
        ],
        "mpi_n_valid": 3,
        "mpi_class": "Low",
        "mpi_class_display": "Low",
        "mpi_class_reason": "All valid NDMI ≤ dry baseline (no persistence signal; provisional)",
        "status": "pilot_unverified",
        "layer": "mountain_mpi_phase2",
        "provisional": true,
        "degradation_evidence_provisional": null,
        "terrain_evidence_provisional": true,
        "hydrology_evidence_provisional": true,
        "source": "Copernicus DEM GLO-30 via Microsoft Planetary Computer; Copernicus Sentinel-2 L2A (ESA) via Microsoft Planetary Computer",
        "source_citations": [
          {
            "lag_weeks": 0,
            "product_id": "S2B_MSIL2A_20260601T064619_R020_T39QZV_20260601T103750",
            "date": "2026-06-01",
            "tile": "39QZV",
            "cloud_cover": 0.000415,
            "clear_frac": 0.9998,
            "status": "ok"
          },
          {
            "lag_weeks": 1,
            "product_id": "S2C_MSIL2A_20260606T064621_R020_T39QZV_20260606T115910",
            "date": "2026-06-06",
            "tile": "39QZV",
            "cloud_cover": 0.00216,
            "clear_frac": 1.0,
            "status": "ok"
          },
          {
            "lag_weeks": 2,
            "product_id": "S2C_MSIL2A_20260616T064621_R020_T39QZV_20260616T114357",
            "date": "2026-06-16",
            "tile": "39QZV",
            "cloud_cover": 0.000385,
            "clear_frac": 1.0,
            "status": "ok"
          },
          {
            "lag_weeks": 4,
            "product_id": null,
            "date": null,
            "tile": null,
            "cloud_cover": null,
            "clear_frac": null,
            "status": "gap"
          },
          {
            "lag_weeks": 6,
            "product_id": null,
            "date": null,
            "tile": null,
            "cloud_cover": null,
            "clear_frac": null,
            "status": "gap"
          }
        ],
        "note": "Offline MPI evidence only (pilot_unverified / provisional). NDMI/MPI ≠ soil moisture %. No suitability→action auto-assign. Not for partner Map/Analysis/Restoration UI.",
        "sample_method": "stratified_elev_tertile_x_slope_median",
        "sample_stratum": "low_elev_steep"
      }
    },
    {
      "type": "Feature",
      "geometry": {
        "type": "Polygon",
        "coordinates": [
          [
            [
              54.19686951361427,
              17.13762711103126
            ],
            [
              54.19686951361427,
              17.139872888968736
            ],
            [
              54.194519375274616,
              17.139872888968736
            ],
            [
              54.194519375274616,
              17.13762711103126
            ],
            [
              54.19686951361427,
              17.13762711103126
            ]
          ]
        ]
      },
      "properties": {
        "elevation_m": 138.8,
        "slope_deg": 13.79,
        "aspect_deg": 217.8,
        "twi": 3.048,
        "twi_note": "Topographic Wetness Proxy (coarse) — not full hydrology",
        "t0_date": "2026-06-01",
        "mpi_curve": [
          {
            "lag_weeks": 0,
            "ndmi": -0.1433,
            "status": "ok",
            "scene_date": "2026-06-01",
            "product_id": "S2B_MSIL2A_20260601T064619_R020_T39QZV_20260601T103750",
            "cloud_cover": 0.000415,
            "clear_frac": 0.9998
          },
          {
            "lag_weeks": 1,
            "ndmi": -0.1459,
            "status": "ok",
            "scene_date": "2026-06-06",
            "product_id": "S2C_MSIL2A_20260606T064621_R020_T39QZV_20260606T115910",
            "cloud_cover": 0.00216,
            "clear_frac": 1.0
          },
          {
            "lag_weeks": 2,
            "ndmi": -0.1509,
            "status": "ok",
            "scene_date": "2026-06-16",
            "product_id": "S2C_MSIL2A_20260616T064621_R020_T39QZV_20260616T114357",
            "cloud_cover": 0.000385,
            "clear_frac": 1.0
          },
          {
            "lag_weeks": 4,
            "ndmi": null,
            "status": "gap",
            "scene_date": null,
            "product_id": null,
            "cloud_cover": null,
            "clear_frac": null
          },
          {
            "lag_weeks": 6,
            "ndmi": null,
            "status": "gap",
            "scene_date": null,
            "product_id": null,
            "cloud_cover": null,
            "clear_frac": null
          }
        ],
        "mpi_n_valid": 3,
        "mpi_class": "Low",
        "mpi_class_display": "Low",
        "mpi_class_reason": "All valid NDMI ≤ dry baseline (no persistence signal; provisional)",
        "status": "pilot_unverified",
        "layer": "mountain_mpi_phase2",
        "provisional": true,
        "degradation_evidence_provisional": null,
        "terrain_evidence_provisional": true,
        "hydrology_evidence_provisional": true,
        "source": "Copernicus DEM GLO-30 via Microsoft Planetary Computer; Copernicus Sentinel-2 L2A (ESA) via Microsoft Planetary Computer",
        "source_citations": [
          {
            "lag_weeks": 0,
            "product_id": "S2B_MSIL2A_20260601T064619_R020_T39QZV_20260601T103750",
            "date": "2026-06-01",
            "tile": "39QZV",
            "cloud_cover": 0.000415,
            "clear_frac": 0.9998,
            "status": "ok"
          },
          {
            "lag_weeks": 1,
            "product_id": "S2C_MSIL2A_20260606T064621_R020_T39QZV_20260606T115910",
            "date": "2026-06-06",
            "tile": "39QZV",
            "cloud_cover": 0.00216,
            "clear_frac": 1.0,
            "status": "ok"
          },
          {
            "lag_weeks": 2,
            "product_id": "S2C_MSIL2A_20260616T064621_R020_T39QZV_20260616T114357",
            "date": "2026-06-16",
            "tile": "39QZV",
            "cloud_cover": 0.000385,
            "clear_frac": 1.0,
            "status": "ok"
          },
          {
            "lag_weeks": 4,
            "product_id": null,
            "date": null,
            "tile": null,
            "cloud_cover": null,
            "clear_frac": null,
            "status": "gap"
          },
          {
            "lag_weeks": 6,
            "product_id": null,
            "date": null,
            "tile": null,
            "cloud_cover": null,
            "clear_frac": null,
            "status": "gap"
          }
        ],
        "note": "Offline MPI evidence only (pilot_unverified / provisional). NDMI/MPI ≠ soil moisture %. No suitability→action auto-assign. Not for partner Map/Analysis/Restoration UI.",
        "sample_method": "stratified_elev_tertile_x_slope_median",
        "sample_stratum": "low_elev_steep"
      }
    },
    {
      "type": "Feature",
      "geometry": {
        "type": "Polygon",
        "coordinates": [
          [
            [
              54.14575833225695,
              17.12651599992015
            ],
            [
              54.14575833225695,
              17.128761777857626
            ],
            [
              54.143408334409706,
              17.128761777857626
            ],
            [
              54.143408334409706,
              17.12651599992015
            ],
            [
              54.14575833225695,
              17.12651599992015
            ]
          ]
        ]
      },
      "properties": {
        "elevation_m": 120.0,
        "slope_deg": 12.27,
        "aspect_deg": 141.2,
        "twi": 3.171,
        "twi_note": "Topographic Wetness Proxy (coarse) — not full hydrology",
        "t0_date": "2026-06-01",
        "mpi_curve": [
          {
            "lag_weeks": 0,
            "ndmi": -0.1053,
            "status": "ok",
            "scene_date": "2026-06-01",
            "product_id": "S2B_MSIL2A_20260601T064619_R020_T39QZV_20260601T103750",
            "cloud_cover": 0.000415,
            "clear_frac": 0.9998
          },
          {
            "lag_weeks": 1,
            "ndmi": -0.1105,
            "status": "ok",
            "scene_date": "2026-06-06",
            "product_id": "S2C_MSIL2A_20260606T064621_R020_T39QZV_20260606T115910",
            "cloud_cover": 0.00216,
            "clear_frac": 1.0
          },
          {
            "lag_weeks": 2,
            "ndmi": -0.1144,
            "status": "ok",
            "scene_date": "2026-06-16",
            "product_id": "S2C_MSIL2A_20260616T064621_R020_T39QZV_20260616T114357",
            "cloud_cover": 0.000385,
            "clear_frac": 1.0
          },
          {
            "lag_weeks": 4,
            "ndmi": null,
            "status": "gap",
            "scene_date": null,
            "product_id": null,
            "cloud_cover": null,
            "clear_frac": null
          },
          {
            "lag_weeks": 6,
            "ndmi": null,
            "status": "gap",
            "scene_date": null,
            "product_id": null,
            "cloud_cover": null,
            "clear_frac": null
          }
        ],
        "mpi_n_valid": 3,
        "mpi_class": "Low",
        "mpi_class_display": "Low",
        "mpi_class_reason": "All valid NDMI ≤ dry baseline (no persistence signal; provisional)",
        "status": "pilot_unverified",
        "layer": "mountain_mpi_phase2",
        "provisional": true,
        "degradation_evidence_provisional": null,
        "terrain_evidence_provisional": true,
        "hydrology_evidence_provisional": true,
        "source": "Copernicus DEM GLO-30 via Microsoft Planetary Computer; Copernicus Sentinel-2 L2A (ESA) via Microsoft Planetary Computer",
        "source_citations": [
          {
            "lag_weeks": 0,
            "product_id": "S2B_MSIL2A_20260601T064619_R020_T39QZV_20260601T103750",
            "date": "2026-06-01",
            "tile": "39QZV",
            "cloud_cover": 0.000415,
            "clear_frac": 0.9998,
            "status": "ok"
          },
          {
            "lag_weeks": 1,
            "product_id": "S2C_MSIL2A_20260606T064621_R020_T39QZV_20260606T115910",
            "date": "2026-06-06",
            "tile": "39QZV",
            "cloud_cover": 0.00216,
            "clear_frac": 1.0,
            "status": "ok"
          },
          {
            "lag_weeks": 2,
            "product_id": "S2C_MSIL2A_20260616T064621_R020_T39QZV_20260616T114357",
            "date": "2026-06-16",
            "tile": "39QZV",
            "cloud_cover": 0.000385,
            "clear_frac": 1.0,
            "status": "ok"
          },
          {
            "lag_weeks": 4,
            "product_id": null,
            "date": null,
            "tile": null,
            "cloud_cover": null,
            "clear_frac": null,
            "status": "gap"
          },
          {
            "lag_weeks": 6,
            "product_id": null,
            "date": null,
            "tile": null,
            "cloud_cover": null,
            "clear_frac": null,
            "status": "gap"
          }
        ],
        "note": "Offline MPI evidence only (pilot_unverified / provisional). NDMI/MPI ≠ soil moisture %. No suitability→action auto-assign. Not for partner Map/Analysis/Restoration UI.",
        "sample_method": "stratified_elev_tertile_x_slope_median",
        "sample_stratum": "low_elev_steep"
      }
    },
    {
      "type": "Feature",
      "geometry": {
        "type": "Polygon",
        "coordinates": [
          [
            [
              54.20353619433649,
              17.139849333253483
            ],
            [
              54.20353619433649,
              17.142095111190958
            ],
            [
              54.201186027885726,
              17.142095111190958
            ],
            [
              54.201186027885726,
              17.139849333253483
            ],
            [
              54.20353619433649,
              17.139849333253483
            ]
          ]
        ]
      },
      "properties": {
        "elevation_m": 110.1,
        "slope_deg": 13.46,
        "aspect_deg": 125.5,
        "twi": 3.373,
        "twi_note": "Topographic Wetness Proxy (coarse) — not full hydrology",
        "t0_date": "2026-06-01",
        "mpi_curve": [
          {
            "lag_weeks": 0,
            "ndmi": -0.1325,
            "status": "ok",
            "scene_date": "2026-06-01",
            "product_id": "S2B_MSIL2A_20260601T064619_R020_T39QZV_20260601T103750",
            "cloud_cover": 0.000415,
            "clear_frac": 0.9998
          },
          {
            "lag_weeks": 1,
            "ndmi": -0.1343,
            "status": "ok",
            "scene_date": "2026-06-06",
            "product_id": "S2C_MSIL2A_20260606T064621_R020_T39QZV_20260606T115910",
            "cloud_cover": 0.00216,
            "clear_frac": 1.0
          },
          {
            "lag_weeks": 2,
            "ndmi": -0.1395,
            "status": "ok",
            "scene_date": "2026-06-16",
            "product_id": "S2C_MSIL2A_20260616T064621_R020_T39QZV_20260616T114357",
            "cloud_cover": 0.000385,
            "clear_frac": 1.0
          },
          {
            "lag_weeks": 4,
            "ndmi": null,
            "status": "gap",
            "scene_date": null,
            "product_id": null,
            "cloud_cover": null,
            "clear_frac": null
          },
          {
            "lag_weeks": 6,
            "ndmi": null,
            "status": "gap",
            "scene_date": null,
            "product_id": null,
            "cloud_cover": null,
            "clear_frac": null
          }
        ],
        "mpi_n_valid": 3,
        "mpi_class": "Low",
        "mpi_class_display": "Low",
        "mpi_class_reason": "All valid NDMI ≤ dry baseline (no persistence signal; provisional)",
        "status": "pilot_unverified",
        "layer": "mountain_mpi_phase2",
        "provisional": true,
        "degradation_evidence_provisional": null,
        "terrain_evidence_provisional": true,
        "hydrology_evidence_provisional": true,
        "source": "Copernicus DEM GLO-30 via Microsoft Planetary Computer; Copernicus Sentinel-2 L2A (ESA) via Microsoft Planetary Computer",
        "source_citations": [
          {
            "lag_weeks": 0,
            "product_id": "S2B_MSIL2A_20260601T064619_R020_T39QZV_20260601T103750",
            "date": "2026-06-01",
            "tile": "39QZV",
            "cloud_cover": 0.000415,
            "clear_frac": 0.9998,
            "status": "ok"
          },
          {
            "lag_weeks": 1,
            "product_id": "S2C_MSIL2A_20260606T064621_R020_T39QZV_20260606T115910",
            "date": "2026-06-06",
            "tile": "39QZV",
            "cloud_cover": 0.00216,
            "clear_frac": 1.0,
            "status": "ok"
          },
          {
            "lag_weeks": 2,
            "product_id": "S2C_MSIL2A_20260616T064621_R020_T39QZV_20260616T114357",
            "date": "2026-06-16",
            "tile": "39QZV",
            "cloud_cover": 0.000385,
            "clear_frac": 1.0,
            "status": "ok"
          },
          {
            "lag_weeks": 4,
            "product_id": null,
            "date": null,
            "tile": null,
            "cloud_cover": null,
            "clear_frac": null,
            "status": "gap"
          },
          {
            "lag_weeks": 6,
            "product_id": null,
            "date": null,
            "tile": null,
            "cloud_cover": null,
            "clear_frac": null,
            "status": "gap"
          }
        ],
        "note": "Offline MPI evidence only (pilot_unverified / provisional). NDMI/MPI ≠ soil moisture %. No suitability→action auto-assign. Not for partner Map/Analysis/Restoration UI.",
        "sample_method": "stratified_elev_tertile_x_slope_median",
        "sample_stratum": "low_elev_steep"
      }
    },
    {
      "type": "Feature",
      "geometry": {
        "type": "Polygon",
        "coordinates": [
          [
            [
              54.12353603984111,
              17.11540488880904
            ],
            [
              54.12353603984111,
              17.117650666746513
            ],
            [
              54.12118618238111,
              17.117650666746513
            ],
            [
              54.12118618238111,
              17.11540488880904
            ],
            [
              54.12353603984111,
              17.11540488880904
            ]
          ]
        ]
      },
      "properties": {
        "elevation_m": 114.3,
        "slope_deg": 12.57,
        "aspect_deg": 214.0,
        "twi": 3.125,
        "twi_note": "Topographic Wetness Proxy (coarse) — not full hydrology",
        "t0_date": "2026-06-01",
        "mpi_curve": [
          {
            "lag_weeks": 0,
            "ndmi": -0.1202,
            "status": "ok",
            "scene_date": "2026-06-01",
            "product_id": "S2B_MSIL2A_20260601T064619_R020_T39QZV_20260601T103750",
            "cloud_cover": 0.000415,
            "clear_frac": 0.9998
          },
          {
            "lag_weeks": 1,
            "ndmi": -0.1238,
            "status": "ok",
            "scene_date": "2026-06-06",
            "product_id": "S2C_MSIL2A_20260606T064621_R020_T39QZV_20260606T115910",
            "cloud_cover": 0.00216,
            "clear_frac": 1.0
          },
          {
            "lag_weeks": 2,
            "ndmi": -0.1252,
            "status": "ok",
            "scene_date": "2026-06-16",
            "product_id": "S2C_MSIL2A_20260616T064621_R020_T39QZV_20260616T114357",
            "cloud_cover": 0.000385,
            "clear_frac": 1.0
          },
          {
            "lag_weeks": 4,
            "ndmi": null,
            "status": "gap",
            "scene_date": null,
            "product_id": null,
            "cloud_cover": null,
            "clear_frac": null
          },
          {
            "lag_weeks": 6,
            "ndmi": null,
            "status": "gap",
            "scene_date": null,
            "product_id": null,
            "cloud_cover": null,
            "clear_frac": null
          }
        ],
        "mpi_n_valid": 3,
        "mpi_class": "Low",
        "mpi_class_display": "Low",
        "mpi_class_reason": "All valid NDMI ≤ dry baseline (no persistence signal; provisional)",
        "status": "pilot_unverified",
        "layer": "mountain_mpi_phase2",
        "provisional": true,
        "degradation_evidence_provisional": null,
        "terrain_evidence_provisional": true,
        "hydrology_evidence_provisional": true,
        "source": "Copernicus DEM GLO-30 via Microsoft Planetary Computer; Copernicus Sentinel-2 L2A (ESA) via Microsoft Planetary Computer",
        "source_citations": [
          {
            "lag_weeks": 0,
            "product_id": "S2B_MSIL2A_20260601T064619_R020_T39QZV_20260601T103750",
            "date": "2026-06-01",
            "tile": "39QZV",
            "cloud_cover": 0.000415,
            "clear_frac": 0.9998,
            "status": "ok"
          },
          {
            "lag_weeks": 1,
            "product_id": "S2C_MSIL2A_20260606T064621_R020_T39QZV_20260606T115910",
            "date": "2026-06-06",
            "tile": "39QZV",
            "cloud_cover": 0.00216,
            "clear_frac": 1.0,
            "status": "ok"
          },
          {
            "lag_weeks": 2,
            "product_id": "S2C_MSIL2A_20260616T064621_R020_T39QZV_20260616T114357",
            "date": "2026-06-16",
            "tile": "39QZV",
            "cloud_cover": 0.000385,
            "clear_frac": 1.0,
            "status": "ok"
          },
          {
            "lag_weeks": 4,
            "product_id": null,
            "date": null,
            "tile": null,
            "cloud_cover": null,
            "clear_frac": null,
            "status": "gap"
          },
          {
            "lag_weeks": 6,
            "product_id": null,
            "date": null,
            "tile": null,
            "cloud_cover": null,
            "clear_frac": null,
            "status": "gap"
          }
        ],
        "note": "Offline MPI evidence only (pilot_unverified / provisional). NDMI/MPI ≠ soil moisture %. No suitability→action auto-assign. Not for partner Map/Analysis/Restoration UI.",
        "sample_method": "stratified_elev_tertile_x_slope_median",
        "sample_stratum": "low_elev_steep"
      }
    },
    {
      "type": "Feature",
      "geometry": {
        "type": "Polygon",
        "coordinates": [
          [
            [
              54.210202818842816,
              17.133182666586816
            ],
            [
              54.210202818842816,
              17.13542844452429
            ],
            [
              54.20785273671274,
              17.13542844452429
            ],
            [
              54.20785273671274,
              17.133182666586816
            ],
            [
              54.210202818842816,
              17.133182666586816
            ]
          ]
        ]
      },
      "properties": {
        "elevation_m": 137.8,
        "slope_deg": 17.57,
        "aspect_deg": 217.5,
        "twi": 2.882,
        "twi_note": "Topographic Wetness Proxy (coarse) — not full hydrology",
        "t0_date": "2026-06-01",
        "mpi_curve": [
          {
            "lag_weeks": 0,
            "ndmi": -0.175,
            "status": "ok",
            "scene_date": "2026-06-01",
            "product_id": "S2B_MSIL2A_20260601T064619_R020_T39QZV_20260601T103750",
            "cloud_cover": 0.000415,
            "clear_frac": 0.9998
          },
          {
            "lag_weeks": 1,
            "ndmi": -0.1812,
            "status": "ok",
            "scene_date": "2026-06-06",
            "product_id": "S2C_MSIL2A_20260606T064621_R020_T39QZV_20260606T115910",
            "cloud_cover": 0.00216,
            "clear_frac": 1.0
          },
          {
            "lag_weeks": 2,
            "ndmi": -0.1925,
            "status": "ok",
            "scene_date": "2026-06-16",
            "product_id": "S2C_MSIL2A_20260616T064621_R020_T39QZV_20260616T114357",
            "cloud_cover": 0.000385,
            "clear_frac": 1.0
          },
          {
            "lag_weeks": 4,
            "ndmi": null,
            "status": "gap",
            "scene_date": null,
            "product_id": null,
            "cloud_cover": null,
            "clear_frac": null
          },
          {
            "lag_weeks": 6,
            "ndmi": null,
            "status": "gap",
            "scene_date": null,
            "product_id": null,
            "cloud_cover": null,
            "clear_frac": null
          }
        ],
        "mpi_n_valid": 3,
        "mpi_class": "Low",
        "mpi_class_display": "Low",
        "mpi_class_reason": "All valid NDMI ≤ dry baseline (no persistence signal; provisional)",
        "status": "pilot_unverified",
        "layer": "mountain_mpi_phase2",
        "provisional": true,
        "degradation_evidence_provisional": null,
        "terrain_evidence_provisional": true,
        "hydrology_evidence_provisional": true,
        "source": "Copernicus DEM GLO-30 via Microsoft Planetary Computer; Copernicus Sentinel-2 L2A (ESA) via Microsoft Planetary Computer",
        "source_citations": [
          {
            "lag_weeks": 0,
            "product_id": "S2B_MSIL2A_20260601T064619_R020_T39QZV_20260601T103750",
            "date": "2026-06-01",
            "tile": "39QZV",
            "cloud_cover": 0.000415,
            "clear_frac": 0.9998,
            "status": "ok"
          },
          {
            "lag_weeks": 1,
            "product_id": "S2C_MSIL2A_20260606T064621_R020_T39QZV_20260606T115910",
            "date": "2026-06-06",
            "tile": "39QZV",
            "cloud_cover": 0.00216,
            "clear_frac": 1.0,
            "status": "ok"
          },
          {
            "lag_weeks": 2,
            "product_id": "S2C_MSIL2A_20260616T064621_R020_T39QZV_20260616T114357",
            "date": "2026-06-16",
            "tile": "39QZV",
            "cloud_cover": 0.000385,
            "clear_frac": 1.0,
            "status": "ok"
          },
          {
            "lag_weeks": 4,
            "product_id": null,
            "date": null,
            "tile": null,
            "cloud_cover": null,
            "clear_frac": null,
            "status": "gap"
          },
          {
            "lag_weeks": 6,
            "product_id": null,
            "date": null,
            "tile": null,
            "cloud_cover": null,
            "clear_frac": null,
            "status": "gap"
          }
        ],
        "note": "Offline MPI evidence only (pilot_unverified / provisional). NDMI/MPI ≠ soil moisture %. No suitability→action auto-assign. Not for partner Map/Analysis/Restoration UI.",
        "sample_method": "stratified_elev_tertile_x_slope_median",
        "sample_stratum": "low_elev_steep"
      }
    },
    {
      "type": "Feature",
      "geometry": {
        "type": "Polygon",
        "coordinates": [
          [
            [
              54.16353623651577,
              17.14651599992015
            ],
            [
              54.16353623651577,
              17.148761777857626
            ],
            [
              54.16118598570645,
              17.148761777857626
            ],
            [
              54.16118598570645,
              17.14651599992015
            ],
            [
              54.16353623651577,
              17.14651599992015
            ]
          ]
        ]
      },
      "properties": {
        "elevation_m": 124.7,
        "slope_deg": 19.59,
        "aspect_deg": 186.2,
        "twi": 2.854,
        "twi_note": "Topographic Wetness Proxy (coarse) — not full hydrology",
        "t0_date": "2026-06-01",
        "mpi_curve": [
          {
            "lag_weeks": 0,
            "ndmi": -0.0907,
            "status": "ok",
            "scene_date": "2026-06-01",
            "product_id": "S2B_MSIL2A_20260601T064619_R020_T39QZV_20260601T103750",
            "cloud_cover": 0.000415,
            "clear_frac": 0.9998
          },
          {
            "lag_weeks": 1,
            "ndmi": -0.0937,
            "status": "ok",
            "scene_date": "2026-06-06",
            "product_id": "S2C_MSIL2A_20260606T064621_R020_T39QZV_20260606T115910",
            "cloud_cover": 0.00216,
            "clear_frac": 1.0
          },
          {
            "lag_weeks": 2,
            "ndmi": -0.0978,
            "status": "ok",
            "scene_date": "2026-06-16",
            "product_id": "S2C_MSIL2A_20260616T064621_R020_T39QZV_20260616T114357",
            "cloud_cover": 0.000385,
            "clear_frac": 1.0
          },
          {
            "lag_weeks": 4,
            "ndmi": null,
            "status": "gap",
            "scene_date": null,
            "product_id": null,
            "cloud_cover": null,
            "clear_frac": null
          },
          {
            "lag_weeks": 6,
            "ndmi": null,
            "status": "gap",
            "scene_date": null,
            "product_id": null,
            "cloud_cover": null,
            "clear_frac": null
          }
        ],
        "mpi_n_valid": 3,
        "mpi_class": "Low",
        "mpi_class_display": "Low",
        "mpi_class_reason": "All valid NDMI ≤ dry baseline (no persistence signal; provisional)",
        "status": "pilot_unverified",
        "layer": "mountain_mpi_phase2",
        "provisional": true,
        "degradation_evidence_provisional": null,
        "terrain_evidence_provisional": true,
        "hydrology_evidence_provisional": true,
        "source": "Copernicus DEM GLO-30 via Microsoft Planetary Computer; Copernicus Sentinel-2 L2A (ESA) via Microsoft Planetary Computer",
        "source_citations": [
          {
            "lag_weeks": 0,
            "product_id": "S2B_MSIL2A_20260601T064619_R020_T39QZV_20260601T103750",
            "date": "2026-06-01",
            "tile": "39QZV",
            "cloud_cover": 0.000415,
            "clear_frac": 0.9998,
            "status": "ok"
          },
          {
            "lag_weeks": 1,
            "product_id": "S2C_MSIL2A_20260606T064621_R020_T39QZV_20260606T115910",
            "date": "2026-06-06",
            "tile": "39QZV",
            "cloud_cover": 0.00216,
            "clear_frac": 1.0,
            "status": "ok"
          },
          {
            "lag_weeks": 2,
            "product_id": "S2C_MSIL2A_20260616T064621_R020_T39QZV_20260616T114357",
            "date": "2026-06-16",
            "tile": "39QZV",
            "cloud_cover": 0.000385,
            "clear_frac": 1.0,
            "status": "ok"
          },
          {
            "lag_weeks": 4,
            "product_id": null,
            "date": null,
            "tile": null,
            "cloud_cover": null,
            "clear_frac": null,
            "status": "gap"
          },
          {
            "lag_weeks": 6,
            "product_id": null,
            "date": null,
            "tile": null,
            "cloud_cover": null,
            "clear_frac": null,
            "status": "gap"
          }
        ],
        "note": "Offline MPI evidence only (pilot_unverified / provisional). NDMI/MPI ≠ soil moisture %. No suitability→action auto-assign. Not for partner Map/Analysis/Restoration UI.",
        "sample_method": "stratified_elev_tertile_x_slope_median",
        "sample_stratum": "low_elev_steep"
      }
    },
    {
      "type": "Feature",
      "geometry": {
        "type": "Polygon",
        "coordinates": [
          [
            [
              54.21909167963532,
              17.128738222142374
            ],
            [
              54.21909167963532,
              17.13098400007985
            ],
            [
              54.216741653698,
              17.13098400007985
            ],
            [
              54.216741653698,
              17.128738222142374
            ],
            [
              54.21909167963532,
              17.128738222142374
            ]
          ]
        ]
      },
      "properties": {
        "elevation_m": 145.4,
        "slope_deg": 11.8,
        "aspect_deg": 133.3,
        "twi": 3.27,
        "twi_note": "Topographic Wetness Proxy (coarse) — not full hydrology",
        "t0_date": "2026-06-01",
        "mpi_curve": [
          {
            "lag_weeks": 0,
            "ndmi": -0.1824,
            "status": "ok",
            "scene_date": "2026-06-01",
            "product_id": "S2B_MSIL2A_20260601T064619_R020_T39QZV_20260601T103750",
            "cloud_cover": 0.000415,
            "clear_frac": 0.9998
          },
          {
            "lag_weeks": 1,
            "ndmi": -0.179,
            "status": "ok",
            "scene_date": "2026-06-06",
            "product_id": "S2C_MSIL2A_20260606T064621_R020_T39QZV_20260606T115910",
            "cloud_cover": 0.00216,
            "clear_frac": 1.0
          },
          {
            "lag_weeks": 2,
            "ndmi": -0.1903,
            "status": "ok",
            "scene_date": "2026-06-16",
            "product_id": "S2C_MSIL2A_20260616T064621_R020_T39QZV_20260616T114357",
            "cloud_cover": 0.000385,
            "clear_frac": 1.0
          },
          {
            "lag_weeks": 4,
            "ndmi": null,
            "status": "gap",
            "scene_date": null,
            "product_id": null,
            "cloud_cover": null,
            "clear_frac": null
          },
          {
            "lag_weeks": 6,
            "ndmi": null,
            "status": "gap",
            "scene_date": null,
            "product_id": null,
            "cloud_cover": null,
            "clear_frac": null
          }
        ],
        "mpi_n_valid": 3,
        "mpi_class": "Low",
        "mpi_class_display": "Low",
        "mpi_class_reason": "All valid NDMI ≤ dry baseline (no persistence signal; provisional)",
        "status": "pilot_unverified",
        "layer": "mountain_mpi_phase2",
        "provisional": true,
        "degradation_evidence_provisional": null,
        "terrain_evidence_provisional": true,
        "hydrology_evidence_provisional": true,
        "source": "Copernicus DEM GLO-30 via Microsoft Planetary Computer; Copernicus Sentinel-2 L2A (ESA) via Microsoft Planetary Computer",
        "source_citations": [
          {
            "lag_weeks": 0,
            "product_id": "S2B_MSIL2A_20260601T064619_R020_T39QZV_20260601T103750",
            "date": "2026-06-01",
            "tile": "39QZV",
            "cloud_cover": 0.000415,
            "clear_frac": 0.9998,
            "status": "ok"
          },
          {
            "lag_weeks": 1,
            "product_id": "S2C_MSIL2A_20260606T064621_R020_T39QZV_20260606T115910",
            "date": "2026-06-06",
            "tile": "39QZV",
            "cloud_cover": 0.00216,
            "clear_frac": 1.0,
            "status": "ok"
          },
          {
            "lag_weeks": 2,
            "product_id": "S2C_MSIL2A_20260616T064621_R020_T39QZV_20260616T114357",
            "date": "2026-06-16",
            "tile": "39QZV",
            "cloud_cover": 0.000385,
            "clear_frac": 1.0,
            "status": "ok"
          },
          {
            "lag_weeks": 4,
            "product_id": null,
            "date": null,
            "tile": null,
            "cloud_cover": null,
            "clear_frac": null,
            "status": "gap"
          },
          {
            "lag_weeks": 6,
            "product_id": null,
            "date": null,
            "tile": null,
            "cloud_cover": null,
            "clear_frac": null,
            "status": "gap"
          }
        ],
        "note": "Offline MPI evidence only (pilot_unverified / provisional). NDMI/MPI ≠ soil moisture %. No suitability→action auto-assign. Not for partner Map/Analysis/Restoration UI.",
        "sample_method": "stratified_elev_tertile_x_slope_median",
        "sample_stratum": "low_elev_steep"
      }
    },
    {
      "type": "Feature",
      "geometry": {
        "type": "Polygon",
        "coordinates": [
          [
            [
              54.08575816388056,
              17.099849333253484
            ],
            [
              54.08575816388056,
              17.10209511119096
            ],
            [
              54.08340850278609,
              17.10209511119096
            ],
            [
              54.08340850278609,
              17.099849333253484
            ],
            [
              54.08575816388056,
              17.099849333253484
            ]
          ]
        ]
      },
      "properties": {
        "elevation_m": 116.5,
        "slope_deg": 12.52,
        "aspect_deg": 151.8,
        "twi": 3.133,
        "twi_note": "Topographic Wetness Proxy (coarse) — not full hydrology",
        "t0_date": "2026-06-01",
        "mpi_curve": [
          {
            "lag_weeks": 0,
            "ndmi": -0.1068,
            "status": "ok",
            "scene_date": "2026-06-01",
            "product_id": "S2B_MSIL2A_20260601T064619_R020_T39QZV_20260601T103750",
            "cloud_cover": 0.000415,
            "clear_frac": 0.9998
          },
          {
            "lag_weeks": 1,
            "ndmi": -0.112,
            "status": "ok",
            "scene_date": "2026-06-06",
            "product_id": "S2C_MSIL2A_20260606T064621_R020_T39QZV_20260606T115910",
            "cloud_cover": 0.00216,
            "clear_frac": 1.0
          },
          {
            "lag_weeks": 2,
            "ndmi": -0.1143,
            "status": "ok",
            "scene_date": "2026-06-16",
            "product_id": "S2C_MSIL2A_20260616T064621_R020_T39QZV_20260616T114357",
            "cloud_cover": 0.000385,
            "clear_frac": 1.0
          },
          {
            "lag_weeks": 4,
            "ndmi": null,
            "status": "gap",
            "scene_date": null,
            "product_id": null,
            "cloud_cover": null,
            "clear_frac": null
          },
          {
            "lag_weeks": 6,
            "ndmi": null,
            "status": "gap",
            "scene_date": null,
            "product_id": null,
            "cloud_cover": null,
            "clear_frac": null
          }
        ],
        "mpi_n_valid": 3,
        "mpi_class": "Low",
        "mpi_class_display": "Low",
        "mpi_class_reason": "All valid NDMI ≤ dry baseline (no persistence signal; provisional)",
        "status": "pilot_unverified",
        "layer": "mountain_mpi_phase2",
        "provisional": true,
        "degradation_evidence_provisional": null,
        "terrain_evidence_provisional": true,
        "hydrology_evidence_provisional": true,
        "source": "Copernicus DEM GLO-30 via Microsoft Planetary Computer; Copernicus Sentinel-2 L2A (ESA) via Microsoft Planetary Computer",
        "source_citations": [
          {
            "lag_weeks": 0,
            "product_id": "S2B_MSIL2A_20260601T064619_R020_T39QZV_20260601T103750",
            "date": "2026-06-01",
            "tile": "39QZV",
            "cloud_cover": 0.000415,
            "clear_frac": 0.9998,
            "status": "ok"
          },
          {
            "lag_weeks": 1,
            "product_id": "S2C_MSIL2A_20260606T064621_R020_T39QZV_20260606T115910",
            "date": "2026-06-06",
            "tile": "39QZV",
            "cloud_cover": 0.00216,
            "clear_frac": 1.0,
            "status": "ok"
          },
          {
            "lag_weeks": 2,
            "product_id": "S2C_MSIL2A_20260616T064621_R020_T39QZV_20260616T114357",
            "date": "2026-06-16",
            "tile": "39QZV",
            "cloud_cover": 0.000385,
            "clear_frac": 1.0,
            "status": "ok"
          },
          {
            "lag_weeks": 4,
            "product_id": null,
            "date": null,
            "tile": null,
            "cloud_cover": null,
            "clear_frac": null,
            "status": "gap"
          },
          {
            "lag_weeks": 6,
            "product_id": null,
            "date": null,
            "tile": null,
            "cloud_cover": null,
            "clear_frac": null,
            "status": "gap"
          }
        ],
        "note": "Offline MPI evidence only (pilot_unverified / provisional). NDMI/MPI ≠ soil moisture %. No suitability→action auto-assign. Not for partner Map/Analysis/Restoration UI.",
        "sample_method": "stratified_elev_tertile_x_slope_median",
        "sample_stratum": "low_elev_steep"
      }
    },
    {
      "type": "Feature",
      "geometry": {
        "type": "Polygon",
        "coordinates": [
          [
            [
              54.09464712288949,
              17.110960444364594
            ],
            [
              54.09464712288949,
              17.11320622230207
            ],
            [
              54.092297321554945,
              17.11320622230207
            ],
            [
              54.092297321554945,
              17.110960444364594
            ],
            [
              54.09464712288949,
              17.110960444364594
            ]
          ]
        ]
      },
      "properties": {
        "elevation_m": 130.6,
        "slope_deg": 15.39,
        "aspect_deg": 106.6,
        "twi": 2.991,
        "twi_note": "Topographic Wetness Proxy (coarse) — not full hydrology",
        "t0_date": "2026-06-01",
        "mpi_curve": [
          {
            "lag_weeks": 0,
            "ndmi": -0.0979,
            "status": "ok",
            "scene_date": "2026-06-01",
            "product_id": "S2B_MSIL2A_20260601T064619_R020_T39QZV_20260601T103750",
            "cloud_cover": 0.000415,
            "clear_frac": 0.9998
          },
          {
            "lag_weeks": 1,
            "ndmi": -0.1033,
            "status": "ok",
            "scene_date": "2026-06-06",
            "product_id": "S2C_MSIL2A_20260606T064621_R020_T39QZV_20260606T115910",
            "cloud_cover": 0.00216,
            "clear_frac": 1.0
          },
          {
            "lag_weeks": 2,
            "ndmi": -0.1077,
            "status": "ok",
            "scene_date": "2026-06-16",
            "product_id": "S2C_MSIL2A_20260616T064621_R020_T39QZV_20260616T114357",
            "cloud_cover": 0.000385,
            "clear_frac": 1.0
          },
          {
            "lag_weeks": 4,
            "ndmi": null,
            "status": "gap",
            "scene_date": null,
            "product_id": null,
            "cloud_cover": null,
            "clear_frac": null
          },
          {
            "lag_weeks": 6,
            "ndmi": null,
            "status": "gap",
            "scene_date": null,
            "product_id": null,
            "cloud_cover": null,
            "clear_frac": null
          }
        ],
        "mpi_n_valid": 3,
        "mpi_class": "Low",
        "mpi_class_display": "Low",
        "mpi_class_reason": "All valid NDMI ≤ dry baseline (no persistence signal; provisional)",
        "status": "pilot_unverified",
        "layer": "mountain_mpi_phase2",
        "provisional": true,
        "degradation_evidence_provisional": null,
        "terrain_evidence_provisional": true,
        "hydrology_evidence_provisional": true,
        "source": "Copernicus DEM GLO-30 via Microsoft Planetary Computer; Copernicus Sentinel-2 L2A (ESA) via Microsoft Planetary Computer",
        "source_citations": [
          {
            "lag_weeks": 0,
            "product_id": "S2B_MSIL2A_20260601T064619_R020_T39QZV_20260601T103750",
            "date": "2026-06-01",
            "tile": "39QZV",
            "cloud_cover": 0.000415,
            "clear_frac": 0.9998,
            "status": "ok"
          },
          {
            "lag_weeks": 1,
            "product_id": "S2C_MSIL2A_20260606T064621_R020_T39QZV_20260606T115910",
            "date": "2026-06-06",
            "tile": "39QZV",
            "cloud_cover": 0.00216,
            "clear_frac": 1.0,
            "status": "ok"
          },
          {
            "lag_weeks": 2,
            "product_id": "S2C_MSIL2A_20260616T064621_R020_T39QZV_20260616T114357",
            "date": "2026-06-16",
            "tile": "39QZV",
            "cloud_cover": 0.000385,
            "clear_frac": 1.0,
            "status": "ok"
          },
          {
            "lag_weeks": 4,
            "product_id": null,
            "date": null,
            "tile": null,
            "cloud_cover": null,
            "clear_frac": null,
            "status": "gap"
          },
          {
            "lag_weeks": 6,
            "product_id": null,
            "date": null,
            "tile": null,
            "cloud_cover": null,
            "clear_frac": null,
            "status": "gap"
          }
        ],
        "note": "Offline MPI evidence only (pilot_unverified / provisional). NDMI/MPI ≠ soil moisture %. No suitability→action auto-assign. Not for partner Map/Analysis/Restoration UI.",
        "sample_method": "stratified_elev_tertile_x_slope_median",
        "sample_stratum": "low_elev_steep"
      }
    },
    {
      "type": "Feature",
      "geometry": {
        "type": "Polygon",
        "coordinates": [
          [
            [
              54.147980554479176,
              17.12651599992015
            ],
            [
              54.147980554479176,
              17.128761777857626
            ],
            [
              54.14563055663193,
              17.128761777857626
            ],
            [
              54.14563055663193,
              17.12651599992015
            ],
            [
              54.147980554479176,
              17.12651599992015
            ]
          ]
        ]
      },
      "properties": {
        "elevation_m": 113.7,
        "slope_deg": 12.01,
        "aspect_deg": 139.4,
        "twi": 3.12,
        "twi_note": "Topographic Wetness Proxy (coarse) — not full hydrology",
        "t0_date": "2026-06-01",
        "mpi_curve": [
          {
            "lag_weeks": 0,
            "ndmi": -0.1095,
            "status": "ok",
            "scene_date": "2026-06-01",
            "product_id": "S2B_MSIL2A_20260601T064619_R020_T39QZV_20260601T103750",
            "cloud_cover": 0.000415,
            "clear_frac": 0.9998
          },
          {
            "lag_weeks": 1,
            "ndmi": -0.1124,
            "status": "ok",
            "scene_date": "2026-06-06",
            "product_id": "S2C_MSIL2A_20260606T064621_R020_T39QZV_20260606T115910",
            "cloud_cover": 0.00216,
            "clear_frac": 1.0
          },
          {
            "lag_weeks": 2,
            "ndmi": -0.1164,
            "status": "ok",
            "scene_date": "2026-06-16",
            "product_id": "S2C_MSIL2A_20260616T064621_R020_T39QZV_20260616T114357",
            "cloud_cover": 0.000385,
            "clear_frac": 1.0
          },
          {
            "lag_weeks": 4,
            "ndmi": null,
            "status": "gap",
            "scene_date": null,
            "product_id": null,
            "cloud_cover": null,
            "clear_frac": null
          },
          {
            "lag_weeks": 6,
            "ndmi": null,
            "status": "gap",
            "scene_date": null,
            "product_id": null,
            "cloud_cover": null,
            "clear_frac": null
          }
        ],
        "mpi_n_valid": 3,
        "mpi_class": "Low",
        "mpi_class_display": "Low",
        "mpi_class_reason": "All valid NDMI ≤ dry baseline (no persistence signal; provisional)",
        "status": "pilot_unverified",
        "layer": "mountain_mpi_phase2",
        "provisional": true,
        "degradation_evidence_provisional": null,
        "terrain_evidence_provisional": true,
        "hydrology_evidence_provisional": true,
        "source": "Copernicus DEM GLO-30 via Microsoft Planetary Computer; Copernicus Sentinel-2 L2A (ESA) via Microsoft Planetary Computer",
        "source_citations": [
          {
            "lag_weeks": 0,
            "product_id": "S2B_MSIL2A_20260601T064619_R020_T39QZV_20260601T103750",
            "date": "2026-06-01",
            "tile": "39QZV",
            "cloud_cover": 0.000415,
            "clear_frac": 0.9998,
            "status": "ok"
          },
          {
            "lag_weeks": 1,
            "product_id": "S2C_MSIL2A_20260606T064621_R020_T39QZV_20260606T115910",
            "date": "2026-06-06",
            "tile": "39QZV",
            "cloud_cover": 0.00216,
            "clear_frac": 1.0,
            "status": "ok"
          },
          {
            "lag_weeks": 2,
            "product_id": "S2C_MSIL2A_20260616T064621_R020_T39QZV_20260616T114357",
            "date": "2026-06-16",
            "tile": "39QZV",
            "cloud_cover": 0.000385,
            "clear_frac": 1.0,
            "status": "ok"
          },
          {
            "lag_weeks": 4,
            "product_id": null,
            "date": null,
            "tile": null,
            "cloud_cover": null,
            "clear_frac": null,
            "status": "gap"
          },
          {
            "lag_weeks": 6,
            "product_id": null,
            "date": null,
            "tile": null,
            "cloud_cover": null,
            "clear_frac": null,
            "status": "gap"
          }
        ],
        "note": "Offline MPI evidence only (pilot_unverified / provisional). NDMI/MPI ≠ soil moisture %. No suitability→action auto-assign. Not for partner Map/Analysis/Restoration UI.",
        "sample_method": "stratified_elev_tertile_x_slope_median",
        "sample_stratum": "low_elev_steep"
      }
    },
    {
      "type": "Feature",
      "geometry": {
        "type": "Polygon",
        "coordinates": [
          [
            [
              54.22075837439837,
              17.133182666586816
            ],
            [
              54.22075837439837,
              17.13542844452429
            ],
            [
              54.21840829226829,
              17.13542844452429
            ],
            [
              54.21840829226829,
              17.133182666586816
            ],
            [
              54.22075837439837,
              17.133182666586816
            ]
          ]
        ]
      },
      "properties": {
        "elevation_m": 123.1,
        "slope_deg": 11.96,
        "aspect_deg": 212.8,
        "twi": 3.282,
        "twi_note": "Topographic Wetness Proxy (coarse) — not full hydrology",
        "t0_date": "2026-06-01",
        "mpi_curve": [
          {
            "lag_weeks": 0,
            "ndmi": -0.1637,
            "status": "ok",
            "scene_date": "2026-06-01",
            "product_id": "S2B_MSIL2A_20260601T064619_R020_T39QZV_20260601T103750",
            "cloud_cover": 0.000415,
            "clear_frac": 0.9998
          },
          {
            "lag_weeks": 1,
            "ndmi": -0.1632,
            "status": "ok",
            "scene_date": "2026-06-06",
            "product_id": "S2C_MSIL2A_20260606T064621_R020_T39QZV_20260606T115910",
            "cloud_cover": 0.00216,
            "clear_frac": 1.0
          },
          {
            "lag_weeks": 2,
            "ndmi": -0.1729,
            "status": "ok",
            "scene_date": "2026-06-16",
            "product_id": "S2C_MSIL2A_20260616T064621_R020_T39QZV_20260616T114357",
            "cloud_cover": 0.000385,
            "clear_frac": 1.0
          },
          {
            "lag_weeks": 4,
            "ndmi": null,
            "status": "gap",
            "scene_date": null,
            "product_id": null,
            "cloud_cover": null,
            "clear_frac": null
          },
          {
            "lag_weeks": 6,
            "ndmi": null,
            "status": "gap",
            "scene_date": null,
            "product_id": null,
            "cloud_cover": null,
            "clear_frac": null
          }
        ],
        "mpi_n_valid": 3,
        "mpi_class": "Low",
        "mpi_class_display": "Low",
        "mpi_class_reason": "All valid NDMI ≤ dry baseline (no persistence signal; provisional)",
        "status": "pilot_unverified",
        "layer": "mountain_mpi_phase2",
        "provisional": true,
        "degradation_evidence_provisional": null,
        "terrain_evidence_provisional": true,
        "hydrology_evidence_provisional": true,
        "source": "Copernicus DEM GLO-30 via Microsoft Planetary Computer; Copernicus Sentinel-2 L2A (ESA) via Microsoft Planetary Computer",
        "source_citations": [
          {
            "lag_weeks": 0,
            "product_id": "S2B_MSIL2A_20260601T064619_R020_T39QZV_20260601T103750",
            "date": "2026-06-01",
            "tile": "39QZV",
            "cloud_cover": 0.000415,
            "clear_frac": 0.9998,
            "status": "ok"
          },
          {
            "lag_weeks": 1,
            "product_id": "S2C_MSIL2A_20260606T064621_R020_T39QZV_20260606T115910",
            "date": "2026-06-06",
            "tile": "39QZV",
            "cloud_cover": 0.00216,
            "clear_frac": 1.0,
            "status": "ok"
          },
          {
            "lag_weeks": 2,
            "product_id": "S2C_MSIL2A_20260616T064621_R020_T39QZV_20260616T114357",
            "date": "2026-06-16",
            "tile": "39QZV",
            "cloud_cover": 0.000385,
            "clear_frac": 1.0,
            "status": "ok"
          },
          {
            "lag_weeks": 4,
            "product_id": null,
            "date": null,
            "tile": null,
            "cloud_cover": null,
            "clear_frac": null,
            "status": "gap"
          },
          {
            "lag_weeks": 6,
            "product_id": null,
            "date": null,
            "tile": null,
            "cloud_cover": null,
            "clear_frac": null,
            "status": "gap"
          }
        ],
        "note": "Offline MPI evidence only (pilot_unverified / provisional). NDMI/MPI ≠ soil moisture %. No suitability→action auto-assign. Not for partner Map/Analysis/Restoration UI.",
        "sample_method": "stratified_elev_tertile_x_slope_median",
        "sample_stratum": "low_elev_steep"
      }
    },
    {
      "type": "Feature",
      "geometry": {
        "type": "Polygon",
        "coordinates": [
          [
            [
              54.083536504091136,
              17.188738222142373
            ],
            [
              54.083536504091136,
              17.190984000079848
            ],
            [
              54.081185718131074,
              17.190984000079848
            ],
            [
              54.081185718131074,
              17.188738222142373
            ],
            [
              54.083536504091136,
              17.188738222142373
            ]
          ]
        ]
      },
      "properties": {
        "elevation_m": 352.9,
        "slope_deg": 10.92,
        "aspect_deg": 111.7,
        "twi": 3.862,
        "twi_note": "Topographic Wetness Proxy (coarse) — not full hydrology",
        "t0_date": "2026-06-01",
        "mpi_curve": [
          {
            "lag_weeks": 0,
            "ndmi": -0.1399,
            "status": "ok",
            "scene_date": "2026-06-01",
            "product_id": "S2B_MSIL2A_20260601T064619_R020_T39QZV_20260601T103750",
            "cloud_cover": 0.000415,
            "clear_frac": 0.9998
          },
          {
            "lag_weeks": 1,
            "ndmi": -0.1316,
            "status": "ok",
            "scene_date": "2026-06-06",
            "product_id": "S2C_MSIL2A_20260606T064621_R020_T39QZV_20260606T115910",
            "cloud_cover": 0.00216,
            "clear_frac": 1.0
          },
          {
            "lag_weeks": 2,
            "ndmi": -0.1516,
            "status": "ok",
            "scene_date": "2026-06-16",
            "product_id": "S2C_MSIL2A_20260616T064621_R020_T39QZV_20260616T114357",
            "cloud_cover": 0.000385,
            "clear_frac": 1.0
          },
          {
            "lag_weeks": 4,
            "ndmi": null,
            "status": "gap",
            "scene_date": null,
            "product_id": null,
            "cloud_cover": null,
            "clear_frac": null
          },
          {
            "lag_weeks": 6,
            "ndmi": null,
            "status": "gap",
            "scene_date": null,
            "product_id": null,
            "cloud_cover": null,
            "clear_frac": null
          }
        ],
        "mpi_n_valid": 3,
        "mpi_class": "Low",
        "mpi_class_display": "Low",
        "mpi_class_reason": "All valid NDMI ≤ dry baseline (no persistence signal; provisional)",
        "status": "pilot_unverified",
        "layer": "mountain_mpi_phase2",
        "provisional": true,
        "degradation_evidence_provisional": null,
        "terrain_evidence_provisional": true,
        "hydrology_evidence_provisional": true,
        "source": "Copernicus DEM GLO-30 via Microsoft Planetary Computer; Copernicus Sentinel-2 L2A (ESA) via Microsoft Planetary Computer",
        "source_citations": [
          {
            "lag_weeks": 0,
            "product_id": "S2B_MSIL2A_20260601T064619_R020_T39QZV_20260601T103750",
            "date": "2026-06-01",
            "tile": "39QZV",
            "cloud_cover": 0.000415,
            "clear_frac": 0.9998,
            "status": "ok"
          },
          {
            "lag_weeks": 1,
            "product_id": "S2C_MSIL2A_20260606T064621_R020_T39QZV_20260606T115910",
            "date": "2026-06-06",
            "tile": "39QZV",
            "cloud_cover": 0.00216,
            "clear_frac": 1.0,
            "status": "ok"
          },
          {
            "lag_weeks": 2,
            "product_id": "S2C_MSIL2A_20260616T064621_R020_T39QZV_20260616T114357",
            "date": "2026-06-16",
            "tile": "39QZV",
            "cloud_cover": 0.000385,
            "clear_frac": 1.0,
            "status": "ok"
          },
          {
            "lag_weeks": 4,
            "product_id": null,
            "date": null,
            "tile": null,
            "cloud_cover": null,
            "clear_frac": null,
            "status": "gap"
          },
          {
            "lag_weeks": 6,
            "product_id": null,
            "date": null,
            "tile": null,
            "cloud_cover": null,
            "clear_frac": null,
            "status": "gap"
          }
        ],
        "note": "Offline MPI evidence only (pilot_unverified / provisional). NDMI/MPI ≠ soil moisture %. No suitability→action auto-assign. Not for partner Map/Analysis/Restoration UI.",
        "sample_method": "stratified_elev_tertile_x_slope_median",
        "sample_stratum": "mid_elev_gentle"
      }
    },
    {
      "type": "Feature",
      "geometry": {
        "type": "Polygon",
        "coordinates": [
          [
            [
              54.0924252943112,
              17.17318266658682
            ],
            [
              54.0924252943112,
              17.175428444524293
            ],
            [
              54.09007470568879,
              17.175428444524293
            ],
            [
              54.09007470568879,
              17.17318266658682
            ],
            [
              54.0924252943112,
              17.17318266658682
            ]
          ]
        ]
      },
      "properties": {
        "elevation_m": 323.2,
        "slope_deg": 5.07,
        "aspect_deg": 191.0,
        "twi": 4.341,
        "twi_note": "Topographic Wetness Proxy (coarse) — not full hydrology",
        "t0_date": "2026-06-01",
        "mpi_curve": [
          {
            "lag_weeks": 0,
            "ndmi": -0.1467,
            "status": "ok",
            "scene_date": "2026-06-01",
            "product_id": "S2B_MSIL2A_20260601T064619_R020_T39QZV_20260601T103750",
            "cloud_cover": 0.000415,
            "clear_frac": 0.9998
          },
          {
            "lag_weeks": 1,
            "ndmi": -0.1411,
            "status": "ok",
            "scene_date": "2026-06-06",
            "product_id": "S2C_MSIL2A_20260606T064621_R020_T39QZV_20260606T115910",
            "cloud_cover": 0.00216,
            "clear_frac": 1.0
          },
          {
            "lag_weeks": 2,
            "ndmi": -0.1562,
            "status": "ok",
            "scene_date": "2026-06-16",
            "product_id": "S2C_MSIL2A_20260616T064621_R020_T39QZV_20260616T114357",
            "cloud_cover": 0.000385,
            "clear_frac": 1.0
          },
          {
            "lag_weeks": 4,
            "ndmi": null,
            "status": "gap",
            "scene_date": null,
            "product_id": null,
            "cloud_cover": null,
            "clear_frac": null
          },
          {
            "lag_weeks": 6,
            "ndmi": null,
            "status": "gap",
            "scene_date": null,
            "product_id": null,
            "cloud_cover": null,
            "clear_frac": null
          }
        ],
        "mpi_n_valid": 3,
        "mpi_class": "Low",
        "mpi_class_display": "Low",
        "mpi_class_reason": "All valid NDMI ≤ dry baseline (no persistence signal; provisional)",
        "status": "pilot_unverified",
        "layer": "mountain_mpi_phase2",
        "provisional": true,
        "degradation_evidence_provisional": null,
        "terrain_evidence_provisional": true,
        "hydrology_evidence_provisional": true,
        "source": "Copernicus DEM GLO-30 via Microsoft Planetary Computer; Copernicus Sentinel-2 L2A (ESA) via Microsoft Planetary Computer",
        "source_citations": [
          {
            "lag_weeks": 0,
            "product_id": "S2B_MSIL2A_20260601T064619_R020_T39QZV_20260601T103750",
            "date": "2026-06-01",
            "tile": "39QZV",
            "cloud_cover": 0.000415,
            "clear_frac": 0.9998,
            "status": "ok"
          },
          {
            "lag_weeks": 1,
            "product_id": "S2C_MSIL2A_20260606T064621_R020_T39QZV_20260606T115910",
            "date": "2026-06-06",
            "tile": "39QZV",
            "cloud_cover": 0.00216,
            "clear_frac": 1.0,
            "status": "ok"
          },
          {
            "lag_weeks": 2,
            "product_id": "S2C_MSIL2A_20260616T064621_R020_T39QZV_20260616T114357",
            "date": "2026-06-16",
            "tile": "39QZV",
            "cloud_cover": 0.000385,
            "clear_frac": 1.0,
            "status": "ok"
          },
          {
            "lag_weeks": 4,
            "product_id": null,
            "date": null,
            "tile": null,
            "cloud_cover": null,
            "clear_frac": null,
            "status": "gap"
          },
          {
            "lag_weeks": 6,
            "product_id": null,
            "date": null,
            "tile": null,
            "cloud_cover": null,
            "clear_frac": null,
            "status": "gap"
          }
        ],
        "note": "Offline MPI evidence only (pilot_unverified / provisional). NDMI/MPI ≠ soil moisture %. No suitability→action auto-assign. Not for partner Map/Analysis/Restoration UI.",
        "sample_method": "stratified_elev_tertile_x_slope_median",
        "sample_stratum": "mid_elev_gentle"
      }
    },
    {
      "type": "Feature",
      "geometry": {
        "type": "Polygon",
        "coordinates": [
          [
            [
              54.17464740389538,
              17.155404888809038
            ],
            [
              54.17464740389538,
              17.157650666746513
            ],
            [
              54.172297040549054,
              17.157650666746513
            ],
            [
              54.172297040549054,
              17.155404888809038
            ],
            [
              54.17464740389538,
              17.155404888809038
            ]
          ]
        ]
      },
      "properties": {
        "elevation_m": 170.3,
        "slope_deg": 10.75,
        "aspect_deg": 182.3,
        "twi": 3.466,
        "twi_note": "Topographic Wetness Proxy (coarse) — not full hydrology",
        "t0_date": "2026-06-01",
        "mpi_curve": [
          {
            "lag_weeks": 0,
            "ndmi": -0.1076,
            "status": "ok",
            "scene_date": "2026-06-01",
            "product_id": "S2B_MSIL2A_20260601T064619_R020_T39QZV_20260601T103750",
            "cloud_cover": 0.000415,
            "clear_frac": 0.9998
          },
          {
            "lag_weeks": 1,
            "ndmi": -0.1088,
            "status": "ok",
            "scene_date": "2026-06-06",
            "product_id": "S2C_MSIL2A_20260606T064621_R020_T39QZV_20260606T115910",
            "cloud_cover": 0.00216,
            "clear_frac": 1.0
          },
          {
            "lag_weeks": 2,
            "ndmi": -0.1162,
            "status": "ok",
            "scene_date": "2026-06-16",
            "product_id": "S2C_MSIL2A_20260616T064621_R020_T39QZV_20260616T114357",
            "cloud_cover": 0.000385,
            "clear_frac": 1.0
          },
          {
            "lag_weeks": 4,
            "ndmi": null,
            "status": "gap",
            "scene_date": null,
            "product_id": null,
            "cloud_cover": null,
            "clear_frac": null
          },
          {
            "lag_weeks": 6,
            "ndmi": null,
            "status": "gap",
            "scene_date": null,
            "product_id": null,
            "cloud_cover": null,
            "clear_frac": null
          }
        ],
        "mpi_n_valid": 3,
        "mpi_class": "Low",
        "mpi_class_display": "Low",
        "mpi_class_reason": "All valid NDMI ≤ dry baseline (no persistence signal; provisional)",
        "status": "pilot_unverified",
        "layer": "mountain_mpi_phase2",
        "provisional": true,
        "degradation_evidence_provisional": null,
        "terrain_evidence_provisional": true,
        "hydrology_evidence_provisional": true,
        "source": "Copernicus DEM GLO-30 via Microsoft Planetary Computer; Copernicus Sentinel-2 L2A (ESA) via Microsoft Planetary Computer",
        "source_citations": [
          {
            "lag_weeks": 0,
            "product_id": "S2B_MSIL2A_20260601T064619_R020_T39QZV_20260601T103750",
            "date": "2026-06-01",
            "tile": "39QZV",
            "cloud_cover": 0.000415,
            "clear_frac": 0.9998,
            "status": "ok"
          },
          {
            "lag_weeks": 1,
            "product_id": "S2C_MSIL2A_20260606T064621_R020_T39QZV_20260606T115910",
            "date": "2026-06-06",
            "tile": "39QZV",
            "cloud_cover": 0.00216,
            "clear_frac": 1.0,
            "status": "ok"
          },
          {
            "lag_weeks": 2,
            "product_id": "S2C_MSIL2A_20260616T064621_R020_T39QZV_20260616T114357",
            "date": "2026-06-16",
            "tile": "39QZV",
            "cloud_cover": 0.000385,
            "clear_frac": 1.0,
            "status": "ok"
          },
          {
            "lag_weeks": 4,
            "product_id": null,
            "date": null,
            "tile": null,
            "cloud_cover": null,
            "clear_frac": null,
            "status": "gap"
          },
          {
            "lag_weeks": 6,
            "product_id": null,
            "date": null,
            "tile": null,
            "cloud_cover": null,
            "clear_frac": null,
            "status": "gap"
          }
        ],
        "note": "Offline MPI evidence only (pilot_unverified / provisional). NDMI/MPI ≠ soil moisture %. No suitability→action auto-assign. Not for partner Map/Analysis/Restoration UI.",
        "sample_method": "stratified_elev_tertile_x_slope_median",
        "sample_stratum": "mid_elev_gentle"
      }
    },
    {
      "type": "Feature",
      "geometry": {
        "type": "Polygon",
        "coordinates": [
          [
            [
              54.13909177800946,
              17.14429377769793
            ],
            [
              54.13909177800946,
              17.146539555635403
            ],
            [
              54.136741555323866,
              17.146539555635403
            ],
            [
              54.136741555323866,
              17.14429377769793
            ],
            [
              54.13909177800946,
              17.14429377769793
            ]
          ]
        ]
      },
      "properties": {
        "elevation_m": 431.0,
        "slope_deg": 8.42,
        "aspect_deg": 124.4,
        "twi": 3.503,
        "twi_note": "Topographic Wetness Proxy (coarse) — not full hydrology",
        "t0_date": "2026-06-01",
        "mpi_curve": [
          {
            "lag_weeks": 0,
            "ndmi": -0.1539,
            "status": "ok",
            "scene_date": "2026-06-01",
            "product_id": "S2B_MSIL2A_20260601T064619_R020_T39QZV_20260601T103750",
            "cloud_cover": 0.000415,
            "clear_frac": 0.9998
          },
          {
            "lag_weeks": 1,
            "ndmi": -0.1512,
            "status": "ok",
            "scene_date": "2026-06-06",
            "product_id": "S2C_MSIL2A_20260606T064621_R020_T39QZV_20260606T115910",
            "cloud_cover": 0.00216,
            "clear_frac": 1.0
          },
          {
            "lag_weeks": 2,
            "ndmi": -0.1656,
            "status": "ok",
            "scene_date": "2026-06-16",
            "product_id": "S2C_MSIL2A_20260616T064621_R020_T39QZV_20260616T114357",
            "cloud_cover": 0.000385,
            "clear_frac": 1.0
          },
          {
            "lag_weeks": 4,
            "ndmi": null,
            "status": "gap",
            "scene_date": null,
            "product_id": null,
            "cloud_cover": null,
            "clear_frac": null
          },
          {
            "lag_weeks": 6,
            "ndmi": null,
            "status": "gap",
            "scene_date": null,
            "product_id": null,
            "cloud_cover": null,
            "clear_frac": null
          }
        ],
        "mpi_n_valid": 3,
        "mpi_class": "Low",
        "mpi_class_display": "Low",
        "mpi_class_reason": "All valid NDMI ≤ dry baseline (no persistence signal; provisional)",
        "status": "pilot_unverified",
        "layer": "mountain_mpi_phase2",
        "provisional": true,
        "degradation_evidence_provisional": null,
        "terrain_evidence_provisional": true,
        "hydrology_evidence_provisional": true,
        "source": "Copernicus DEM GLO-30 via Microsoft Planetary Computer; Copernicus Sentinel-2 L2A (ESA) via Microsoft Planetary Computer",
        "source_citations": [
          {
            "lag_weeks": 0,
            "product_id": "S2B_MSIL2A_20260601T064619_R020_T39QZV_20260601T103750",
            "date": "2026-06-01",
            "tile": "39QZV",
            "cloud_cover": 0.000415,
            "clear_frac": 0.9998,
            "status": "ok"
          },
          {
            "lag_weeks": 1,
            "product_id": "S2C_MSIL2A_20260606T064621_R020_T39QZV_20260606T115910",
            "date": "2026-06-06",
            "tile": "39QZV",
            "cloud_cover": 0.00216,
            "clear_frac": 1.0,
            "status": "ok"
          },
          {
            "lag_weeks": 2,
            "product_id": "S2C_MSIL2A_20260616T064621_R020_T39QZV_20260616T114357",
            "date": "2026-06-16",
            "tile": "39QZV",
            "cloud_cover": 0.000385,
            "clear_frac": 1.0,
            "status": "ok"
          },
          {
            "lag_weeks": 4,
            "product_id": null,
            "date": null,
            "tile": null,
            "cloud_cover": null,
            "clear_frac": null,
            "status": "gap"
          },
          {
            "lag_weeks": 6,
            "product_id": null,
            "date": null,
            "tile": null,
            "cloud_cover": null,
            "clear_frac": null,
            "status": "gap"
          }
        ],
        "note": "Offline MPI evidence only (pilot_unverified / provisional). NDMI/MPI ≠ soil moisture %. No suitability→action auto-assign. Not for partner Map/Analysis/Restoration UI.",
        "sample_method": "stratified_elev_tertile_x_slope_median",
        "sample_stratum": "mid_elev_gentle"
      }
    },
    {
      "type": "Feature",
      "geometry": {
        "type": "Polygon",
        "coordinates": [
          [
            [
              54.09686969650059,
              17.16651599992015
            ],
            [
              54.09686969650059,
              17.168761777857625
            ],
            [
              54.09451919238829,
              17.168761777857625
            ],
            [
              54.09451919238829,
              17.16651599992015
            ],
            [
              54.09686969650059,
              17.16651599992015
            ]
          ]
        ]
      },
      "properties": {
        "elevation_m": 314.1,
        "slope_deg": 1.3,
        "aspect_deg": 143.9,
        "twi": 5.338,
        "twi_note": "Topographic Wetness Proxy (coarse) — not full hydrology",
        "t0_date": "2026-06-01",
        "mpi_curve": [
          {
            "lag_weeks": 0,
            "ndmi": -0.0914,
            "status": "ok",
            "scene_date": "2026-06-01",
            "product_id": "S2B_MSIL2A_20260601T064619_R020_T39QZV_20260601T103750",
            "cloud_cover": 0.000415,
            "clear_frac": 0.9998
          },
          {
            "lag_weeks": 1,
            "ndmi": -0.096,
            "status": "ok",
            "scene_date": "2026-06-06",
            "product_id": "S2C_MSIL2A_20260606T064621_R020_T39QZV_20260606T115910",
            "cloud_cover": 0.00216,
            "clear_frac": 1.0
          },
          {
            "lag_weeks": 2,
            "ndmi": -0.1,
            "status": "ok",
            "scene_date": "2026-06-16",
            "product_id": "S2C_MSIL2A_20260616T064621_R020_T39QZV_20260616T114357",
            "cloud_cover": 0.000385,
            "clear_frac": 1.0
          },
          {
            "lag_weeks": 4,
            "ndmi": null,
            "status": "gap",
            "scene_date": null,
            "product_id": null,
            "cloud_cover": null,
            "clear_frac": null
          },
          {
            "lag_weeks": 6,
            "ndmi": null,
            "status": "gap",
            "scene_date": null,
            "product_id": null,
            "cloud_cover": null,
            "clear_frac": null
          }
        ],
        "mpi_n_valid": 3,
        "mpi_class": "Low",
        "mpi_class_display": "Low",
        "mpi_class_reason": "All valid NDMI ≤ dry baseline (no persistence signal; provisional)",
        "status": "pilot_unverified",
        "layer": "mountain_mpi_phase2",
        "provisional": true,
        "degradation_evidence_provisional": null,
        "terrain_evidence_provisional": true,
        "hydrology_evidence_provisional": true,
        "source": "Copernicus DEM GLO-30 via Microsoft Planetary Computer; Copernicus Sentinel-2 L2A (ESA) via Microsoft Planetary Computer",
        "source_citations": [
          {
            "lag_weeks": 0,
            "product_id": "S2B_MSIL2A_20260601T064619_R020_T39QZV_20260601T103750",
            "date": "2026-06-01",
            "tile": "39QZV",
            "cloud_cover": 0.000415,
            "clear_frac": 0.9998,
            "status": "ok"
          },
          {
            "lag_weeks": 1,
            "product_id": "S2C_MSIL2A_20260606T064621_R020_T39QZV_20260606T115910",
            "date": "2026-06-06",
            "tile": "39QZV",
            "cloud_cover": 0.00216,
            "clear_frac": 1.0,
            "status": "ok"
          },
          {
            "lag_weeks": 2,
            "product_id": "S2C_MSIL2A_20260616T064621_R020_T39QZV_20260616T114357",
            "date": "2026-06-16",
            "tile": "39QZV",
            "cloud_cover": 0.000385,
            "clear_frac": 1.0,
            "status": "ok"
          },
          {
            "lag_weeks": 4,
            "product_id": null,
            "date": null,
            "tile": null,
            "cloud_cover": null,
            "clear_frac": null,
            "status": "gap"
          },
          {
            "lag_weeks": 6,
            "product_id": null,
            "date": null,
            "tile": null,
            "cloud_cover": null,
            "clear_frac": null,
            "status": "gap"
          }
        ],
        "note": "Offline MPI evidence only (pilot_unverified / provisional). NDMI/MPI ≠ soil moisture %. No suitability→action auto-assign. Not for partner Map/Analysis/Restoration UI.",
        "sample_method": "stratified_elev_tertile_x_slope_median",
        "sample_stratum": "mid_elev_gentle"
      }
    },
    {
      "type": "Feature",
      "geometry": {
        "type": "Polygon",
        "coordinates": [
          [
            [
              54.216869485509484,
              17.133182666586816
            ],
            [
              54.216869485509484,
              17.13542844452429
            ],
            [
              54.214519403379406,
              17.13542844452429
            ],
            [
              54.214519403379406,
              17.133182666586816
            ],
            [
              54.216869485509484,
              17.133182666586816
            ]
          ]
        ]
      },
      "properties": {
        "elevation_m": 165.6,
        "slope_deg": 7.74,
        "aspect_deg": 236.8,
        "twi": 3.605,
        "twi_note": "Topographic Wetness Proxy (coarse) — not full hydrology",
        "t0_date": "2026-06-01",
        "mpi_curve": [
          {
            "lag_weeks": 0,
            "ndmi": -0.1592,
            "status": "ok",
            "scene_date": "2026-06-01",
            "product_id": "S2B_MSIL2A_20260601T064619_R020_T39QZV_20260601T103750",
            "cloud_cover": 0.000415,
            "clear_frac": 0.9998
          },
          {
            "lag_weeks": 1,
            "ndmi": -0.1596,
            "status": "ok",
            "scene_date": "2026-06-06",
            "product_id": "S2C_MSIL2A_20260606T064621_R020_T39QZV_20260606T115910",
            "cloud_cover": 0.00216,
            "clear_frac": 1.0
          },
          {
            "lag_weeks": 2,
            "ndmi": -0.17,
            "status": "ok",
            "scene_date": "2026-06-16",
            "product_id": "S2C_MSIL2A_20260616T064621_R020_T39QZV_20260616T114357",
            "cloud_cover": 0.000385,
            "clear_frac": 1.0
          },
          {
            "lag_weeks": 4,
            "ndmi": null,
            "status": "gap",
            "scene_date": null,
            "product_id": null,
            "cloud_cover": null,
            "clear_frac": null
          },
          {
            "lag_weeks": 6,
            "ndmi": null,
            "status": "gap",
            "scene_date": null,
            "product_id": null,
            "cloud_cover": null,
            "clear_frac": null
          }
        ],
        "mpi_n_valid": 3,
        "mpi_class": "Low",
        "mpi_class_display": "Low",
        "mpi_class_reason": "All valid NDMI ≤ dry baseline (no persistence signal; provisional)",
        "status": "pilot_unverified",
        "layer": "mountain_mpi_phase2",
        "provisional": true,
        "degradation_evidence_provisional": null,
        "terrain_evidence_provisional": true,
        "hydrology_evidence_provisional": true,
        "source": "Copernicus DEM GLO-30 via Microsoft Planetary Computer; Copernicus Sentinel-2 L2A (ESA) via Microsoft Planetary Computer",
        "source_citations": [
          {
            "lag_weeks": 0,
            "product_id": "S2B_MSIL2A_20260601T064619_R020_T39QZV_20260601T103750",
            "date": "2026-06-01",
            "tile": "39QZV",
            "cloud_cover": 0.000415,
            "clear_frac": 0.9998,
            "status": "ok"
          },
          {
            "lag_weeks": 1,
            "product_id": "S2C_MSIL2A_20260606T064621_R020_T39QZV_20260606T115910",
            "date": "2026-06-06",
            "tile": "39QZV",
            "cloud_cover": 0.00216,
            "clear_frac": 1.0,
            "status": "ok"
          },
          {
            "lag_weeks": 2,
            "product_id": "S2C_MSIL2A_20260616T064621_R020_T39QZV_20260616T114357",
            "date": "2026-06-16",
            "tile": "39QZV",
            "cloud_cover": 0.000385,
            "clear_frac": 1.0,
            "status": "ok"
          },
          {
            "lag_weeks": 4,
            "product_id": null,
            "date": null,
            "tile": null,
            "cloud_cover": null,
            "clear_frac": null,
            "status": "gap"
          },
          {
            "lag_weeks": 6,
            "product_id": null,
            "date": null,
            "tile": null,
            "cloud_cover": null,
            "clear_frac": null,
            "status": "gap"
          }
        ],
        "note": "Offline MPI evidence only (pilot_unverified / provisional). NDMI/MPI ≠ soil moisture %. No suitability→action auto-assign. Not for partner Map/Analysis/Restoration UI.",
        "sample_method": "stratified_elev_tertile_x_slope_median",
        "sample_stratum": "mid_elev_gentle"
      }
    },
    {
      "type": "Feature",
      "geometry": {
        "type": "Polygon",
        "coordinates": [
          [
            [
              54.1435362224539,
              17.14429377769793
            ],
            [
              54.1435362224539,
              17.146539555635403
            ],
            [
              54.14118599976831,
              17.146539555635403
            ],
            [
              54.14118599976831,
              17.14429377769793
            ],
            [
              54.1435362224539,
              17.14429377769793
            ]
          ]
        ]
      },
      "properties": {
        "elevation_m": 382.6,
        "slope_deg": 10.79,
        "aspect_deg": 44.1,
        "twi": 3.352,
        "twi_note": "Topographic Wetness Proxy (coarse) — not full hydrology",
        "t0_date": "2026-06-01",
        "mpi_curve": [
          {
            "lag_weeks": 0,
            "ndmi": -0.1434,
            "status": "ok",
            "scene_date": "2026-06-01",
            "product_id": "S2B_MSIL2A_20260601T064619_R020_T39QZV_20260601T103750",
            "cloud_cover": 0.000415,
            "clear_frac": 0.9998
          },
          {
            "lag_weeks": 1,
            "ndmi": -0.1502,
            "status": "ok",
            "scene_date": "2026-06-06",
            "product_id": "S2C_MSIL2A_20260606T064621_R020_T39QZV_20260606T115910",
            "cloud_cover": 0.00216,
            "clear_frac": 1.0
          },
          {
            "lag_weeks": 2,
            "ndmi": -0.1654,
            "status": "ok",
            "scene_date": "2026-06-16",
            "product_id": "S2C_MSIL2A_20260616T064621_R020_T39QZV_20260616T114357",
            "cloud_cover": 0.000385,
            "clear_frac": 1.0
          },
          {
            "lag_weeks": 4,
            "ndmi": null,
            "status": "gap",
            "scene_date": null,
            "product_id": null,
            "cloud_cover": null,
            "clear_frac": null
          },
          {
            "lag_weeks": 6,
            "ndmi": null,
            "status": "gap",
            "scene_date": null,
            "product_id": null,
            "cloud_cover": null,
            "clear_frac": null
          }
        ],
        "mpi_n_valid": 3,
        "mpi_class": "Low",
        "mpi_class_display": "Low",
        "mpi_class_reason": "All valid NDMI ≤ dry baseline (no persistence signal; provisional)",
        "status": "pilot_unverified",
        "layer": "mountain_mpi_phase2",
        "provisional": true,
        "degradation_evidence_provisional": null,
        "terrain_evidence_provisional": true,
        "hydrology_evidence_provisional": true,
        "source": "Copernicus DEM GLO-30 via Microsoft Planetary Computer; Copernicus Sentinel-2 L2A (ESA) via Microsoft Planetary Computer",
        "source_citations": [
          {
            "lag_weeks": 0,
            "product_id": "S2B_MSIL2A_20260601T064619_R020_T39QZV_20260601T103750",
            "date": "2026-06-01",
            "tile": "39QZV",
            "cloud_cover": 0.000415,
            "clear_frac": 0.9998,
            "status": "ok"
          },
          {
            "lag_weeks": 1,
            "product_id": "S2C_MSIL2A_20260606T064621_R020_T39QZV_20260606T115910",
            "date": "2026-06-06",
            "tile": "39QZV",
            "cloud_cover": 0.00216,
            "clear_frac": 1.0,
            "status": "ok"
          },
          {
            "lag_weeks": 2,
            "product_id": "S2C_MSIL2A_20260616T064621_R020_T39QZV_20260616T114357",
            "date": "2026-06-16",
            "tile": "39QZV",
            "cloud_cover": 0.000385,
            "clear_frac": 1.0,
            "status": "ok"
          },
          {
            "lag_weeks": 4,
            "product_id": null,
            "date": null,
            "tile": null,
            "cloud_cover": null,
            "clear_frac": null,
            "status": "gap"
          },
          {
            "lag_weeks": 6,
            "product_id": null,
            "date": null,
            "tile": null,
            "cloud_cover": null,
            "clear_frac": null,
            "status": "gap"
          }
        ],
        "note": "Offline MPI evidence only (pilot_unverified / provisional). NDMI/MPI ≠ soil moisture %. No suitability→action auto-assign. Not for partner Map/Analysis/Restoration UI.",
        "sample_method": "stratified_elev_tertile_x_slope_median",
        "sample_stratum": "mid_elev_gentle"
      }
    },
    {
      "type": "Feature",
      "geometry": {
        "type": "Polygon",
        "coordinates": [
          [
            [
              54.08353641951153,
              17.17540488880904
            ],
            [
              54.08353641951153,
              17.177650666746516
            ],
            [
              54.08118580271068,
              17.177650666746516
            ],
            [
              54.08118580271068,
              17.17540488880904
            ],
            [
              54.08353641951153,
              17.17540488880904
            ]
          ]
        ]
      },
      "properties": {
        "elevation_m": 334.4,
        "slope_deg": 6.8,
        "aspect_deg": 72.4,
        "twi": 4.184,
        "twi_note": "Topographic Wetness Proxy (coarse) — not full hydrology",
        "t0_date": "2026-06-01",
        "mpi_curve": [
          {
            "lag_weeks": 0,
            "ndmi": -0.1041,
            "status": "ok",
            "scene_date": "2026-06-01",
            "product_id": "S2B_MSIL2A_20260601T064619_R020_T39QZV_20260601T103750",
            "cloud_cover": 0.000415,
            "clear_frac": 0.9998
          },
          {
            "lag_weeks": 1,
            "ndmi": -0.1049,
            "status": "ok",
            "scene_date": "2026-06-06",
            "product_id": "S2C_MSIL2A_20260606T064621_R020_T39QZV_20260606T115910",
            "cloud_cover": 0.00216,
            "clear_frac": 1.0
          },
          {
            "lag_weeks": 2,
            "ndmi": -0.114,
            "status": "ok",
            "scene_date": "2026-06-16",
            "product_id": "S2C_MSIL2A_20260616T064621_R020_T39QZV_20260616T114357",
            "cloud_cover": 0.000385,
            "clear_frac": 1.0
          },
          {
            "lag_weeks": 4,
            "ndmi": null,
            "status": "gap",
            "scene_date": null,
            "product_id": null,
            "cloud_cover": null,
            "clear_frac": null
          },
          {
            "lag_weeks": 6,
            "ndmi": null,
            "status": "gap",
            "scene_date": null,
            "product_id": null,
            "cloud_cover": null,
            "clear_frac": null
          }
        ],
        "mpi_n_valid": 3,
        "mpi_class": "Low",
        "mpi_class_display": "Low",
        "mpi_class_reason": "All valid NDMI ≤ dry baseline (no persistence signal; provisional)",
        "status": "pilot_unverified",
        "layer": "mountain_mpi_phase2",
        "provisional": true,
        "degradation_evidence_provisional": null,
        "terrain_evidence_provisional": true,
        "hydrology_evidence_provisional": true,
        "source": "Copernicus DEM GLO-30 via Microsoft Planetary Computer; Copernicus Sentinel-2 L2A (ESA) via Microsoft Planetary Computer",
        "source_citations": [
          {
            "lag_weeks": 0,
            "product_id": "S2B_MSIL2A_20260601T064619_R020_T39QZV_20260601T103750",
            "date": "2026-06-01",
            "tile": "39QZV",
            "cloud_cover": 0.000415,
            "clear_frac": 0.9998,
            "status": "ok"
          },
          {
            "lag_weeks": 1,
            "product_id": "S2C_MSIL2A_20260606T064621_R020_T39QZV_20260606T115910",
            "date": "2026-06-06",
            "tile": "39QZV",
            "cloud_cover": 0.00216,
            "clear_frac": 1.0,
            "status": "ok"
          },
          {
            "lag_weeks": 2,
            "product_id": "S2C_MSIL2A_20260616T064621_R020_T39QZV_20260616T114357",
            "date": "2026-06-16",
            "tile": "39QZV",
            "cloud_cover": 0.000385,
            "clear_frac": 1.0,
            "status": "ok"
          },
          {
            "lag_weeks": 4,
            "product_id": null,
            "date": null,
            "tile": null,
            "cloud_cover": null,
            "clear_frac": null,
            "status": "gap"
          },
          {
            "lag_weeks": 6,
            "product_id": null,
            "date": null,
            "tile": null,
            "cloud_cover": null,
            "clear_frac": null,
            "status": "gap"
          }
        ],
        "note": "Offline MPI evidence only (pilot_unverified / provisional). NDMI/MPI ≠ soil moisture %. No suitability→action auto-assign. Not for partner Map/Analysis/Restoration UI.",
        "sample_method": "stratified_elev_tertile_x_slope_median",
        "sample_stratum": "mid_elev_gentle"
      }
    }
  ],
  "note_sample": "Up to 48 stratified MPI cells for review."
}
